nr,name_de,name_en,typ1,typ2,region,generation,entwicklungsstufe,entwickelt_aus_de,entwickelt_aus_en,hp,angriff,verteidigung,spezial_angriff,spezial_verteidigung,initiative,sprite_url,sprite_bulbapedia
1,Bisasam,Bulbasaur,Pflanze,Gift,Kanto,I,0,,,45,49,49,65,65,45,https://raw.githubusercontent.com/PokeAPI/sprites/master/sprites/pokemon/other/official-artwork/1.png,https://archives.bulbagarden.net/media/upload/f/fb/0001Bulbasaur.png
2,Bisaknosp,Ivysaur,Pflanze,Gift,Kanto,I,1,,bulbasaur,60,62,63,80,80,60,https://raw.githubusercontent.com/PokeAPI/sprites/master/sprites/pokemon/other/official-artwork/2.png,https://archives.bulbagarden.net/media/upload/8/81/0002Ivysaur.png
3,Bisaflor,Venusaur,Pflanze,Gift,Kanto,I,2,,ivysaur,80,82,83,100,100,80,https://raw.githubusercontent.com/PokeAPI/sprites/master/sprites/pokemon/other/official-artwork/3.png,https://archives.bulbagarden.net/media/upload/6/6b/0003Venusaur.png
4,Glumanda,Charmander,Feuer,,Kanto,I,0,,,39,52,43,60,50,65,https://raw.githubusercontent.com/PokeAPI/sprites/master/sprites/pokemon/other/official-artwork/4.png,https://archives.bulbagarden.net/media/upload/2/27/0004Charmander.png
5,Glutexo,Charmeleon,Feuer,,Kanto,I,1,,charmander,58,64,58,80,65,80,https://raw.githubusercontent.com/PokeAPI/sprites/master/sprites/pokemon/other/official-artwork/5.png,https://archives.bulbagarden.net/media/upload/0/05/0005Charmeleon.png
6,Glurak,Charizard,Feuer,Flug,Kanto,I,2,,charmeleon,78,84,78,109,85,100,https://raw.githubusercontent.com/PokeAPI/sprites/master/sprites/pokemon/other/official-artwork/6.png,https://archives.bulbagarden.net/media/upload/3/38/0006Charizard.png
7,Schiggy,Squirtle,Wasser,,Kanto,I,0,,,44,48,65,50,64,43,https://raw.githubusercontent.com/PokeAPI/sprites/master/sprites/pokemon/other/official-artwork/7.png,https://archives.bulbagarden.net/media/upload/5/54/0007Squirtle.png
8,Schillok,Wartortle,Wasser,,Kanto,I,1,,squirtle,59,63,80,65,80,58,https://raw.githubusercontent.com/PokeAPI/sprites/master/sprites/pokemon/other/official-artwork/8.png,https://archives.bulbagarden.net/media/upload/0/0f/0008Wartortle.png
9,Turtok,Blastoise,Wasser,,Kanto,I,2,,wartortle,79,83,100,85,105,78,https://raw.githubusercontent.com/PokeAPI/sprites/master/sprites/pokemon/other/official-artwork/9.png,https://archives.bulbagarden.net/media/upload/0/0a/0009Blastoise.png
10,Raupy,Caterpie,Käfer,,Kanto,I,0,,,45,30,35,20,20,45,https://raw.githubusercontent.com/PokeAPI/sprites/master/sprites/pokemon/other/official-artwork/10.png,https://archives.bulbagarden.net/media/upload/5/5e/0010Caterpie.png
11,Safcon,Metapod,Käfer,,Kanto,I,1,,caterpie,50,20,55,25,25,30,https://raw.githubusercontent.com/PokeAPI/sprites/master/sprites/pokemon/other/official-artwork/11.png,https://archives.bulbagarden.net/media/upload/d/da/0011Metapod.png
12,Smettbo,Butterfree,Käfer,Flug,Kanto,I,2,,metapod,60,45,50,90,80,70,https://raw.githubusercontent.com/PokeAPI/sprites/master/sprites/pokemon/other/official-artwork/12.png,https://archives.bulbagarden.net/media/upload/5/55/0012Butterfree.png
13,Hornliu,Weedle,Käfer,Gift,Kanto,I,0,,,40,35,30,20,20,50,https://raw.githubusercontent.com/PokeAPI/sprites/master/sprites/pokemon/other/official-artwork/13.png,https://archives.bulbagarden.net/media/upload/3/36/0013Weedle.png
14,Kokuna,Kakuna,Käfer,Gift,Kanto,I,1,,weedle,45,25,50,25,25,35,https://raw.githubusercontent.com/PokeAPI/sprites/master/sprites/pokemon/other/official-artwork/14.png,https://archives.bulbagarden.net/media/upload/f/f3/0014Kakuna.png
15,Bibor,Beedrill,Käfer,Gift,Kanto,I,2,,kakuna,65,90,40,45,80,75,https://raw.githubusercontent.com/PokeAPI/sprites/master/sprites/pokemon/other/official-artwork/15.png,https://archives.bulbagarden.net/media/upload/f/f7/0015Beedrill.png
16,Taubsi,Pidgey,Normal,Flug,Kanto,I,0,,,40,45,40,35,35,56,https://raw.githubusercontent.com/PokeAPI/sprites/master/sprites/pokemon/other/official-artwork/16.png,https://archives.bulbagarden.net/media/upload/0/0c/0016Pidgey.png
17,Tauboga,Pidgeotto,Normal,Flug,Kanto,I,1,,pidgey,63,60,55,50,50,71,https://raw.githubusercontent.com/PokeAPI/sprites/master/sprites/pokemon/other/official-artwork/17.png,https://archives.bulbagarden.net/media/upload/8/82/0017Pidgeotto.png
18,Tauboss,Pidgeot,Normal,Flug,Kanto,I,2,,pidgeotto,83,80,75,70,70,101,https://raw.githubusercontent.com/PokeAPI/sprites/master/sprites/pokemon/other/official-artwork/18.png,https://archives.bulbagarden.net/media/upload/7/73/0018Pidgeot.png
19,Rattfratz,Rattata,Normal,,Kanto,I,0,,,30,56,35,25,35,72,https://raw.githubusercontent.com/PokeAPI/sprites/master/sprites/pokemon/other/official-artwork/19.png,https://archives.bulbagarden.net/media/upload/a/aa/0019Rattata.png
20,Rattikarl,Raticate,Normal,,Kanto,I,1,,rattata,55,81,60,50,70,97,https://raw.githubusercontent.com/PokeAPI/sprites/master/sprites/pokemon/other/official-artwork/20.png,https://archives.bulbagarden.net/media/upload/2/2c/0020Raticate.png
21,Habitak,Spearow,Normal,Flug,Kanto,I,0,,,40,60,30,31,31,70,https://raw.githubusercontent.com/PokeAPI/sprites/master/sprites/pokemon/other/official-artwork/21.png,https://archives.bulbagarden.net/media/upload/2/2d/0021Spearow.png
22,Ibitak,Fearow,Normal,Flug,Kanto,I,1,,spearow,65,90,65,61,61,100,https://raw.githubusercontent.com/PokeAPI/sprites/master/sprites/pokemon/other/official-artwork/22.png,https://archives.bulbagarden.net/media/upload/9/92/0022Fearow.png
23,Rettan,Ekans,Gift,,Kanto,I,0,,,35,60,44,40,54,55,https://raw.githubusercontent.com/PokeAPI/sprites/master/sprites/pokemon/other/official-artwork/23.png,https://archives.bulbagarden.net/media/upload/d/d2/0023Ekans.png
24,Arbok,Arbok,Gift,,Kanto,I,1,,ekans,60,95,69,65,79,80,https://raw.githubusercontent.com/PokeAPI/sprites/master/sprites/pokemon/other/official-artwork/24.png,https://archives.bulbagarden.net/media/upload/5/51/0024Arbok.png
25,Pikachu,Pikachu,Elektro,,Kanto,I,1,,pichu,35,55,40,50,50,90,https://raw.githubusercontent.com/PokeAPI/sprites/master/sprites/pokemon/other/official-artwork/25.png,https://archives.bulbagarden.net/media/upload/4/4a/0025Pikachu.png
26,Raichu,Raichu,Elektro,,Kanto,I,2,,pikachu,60,90,55,90,80,110,https://raw.githubusercontent.com/PokeAPI/sprites/master/sprites/pokemon/other/official-artwork/26.png,https://archives.bulbagarden.net/media/upload/b/b0/0026Raichu.png
27,Sandan,Sandshrew,Boden,,Kanto,I,0,,,50,75,85,20,30,40,https://raw.githubusercontent.com/PokeAPI/sprites/master/sprites/pokemon/other/official-artwork/27.png,https://archives.bulbagarden.net/media/upload/e/e9/0027Sandshrew.png
28,Sandamer,Sandslash,Boden,,Kanto,I,1,,sandshrew,75,100,110,45,55,65,https://raw.githubusercontent.com/PokeAPI/sprites/master/sprites/pokemon/other/official-artwork/28.png,https://archives.bulbagarden.net/media/upload/a/a4/0028Sandslash.png
29,Nidoran♀,Nidoran♀,Gift,,Kanto,I,0,,,55,47,52,40,40,41,https://raw.githubusercontent.com/PokeAPI/sprites/master/sprites/pokemon/other/official-artwork/29.png,https://archives.bulbagarden.net/media/upload/b/b2/0029Nidoran.png
30,Nidorina,Nidorina,Gift,,Kanto,I,1,,nidoran-f,70,62,67,55,55,56,https://raw.githubusercontent.com/PokeAPI/sprites/master/sprites/pokemon/other/official-artwork/30.png,https://archives.bulbagarden.net/media/upload/e/ea/0030Nidorina.png
31,Nidoqueen,Nidoqueen,Gift,Boden,Kanto,I,2,,nidorina,90,92,87,75,85,76,https://raw.githubusercontent.com/PokeAPI/sprites/master/sprites/pokemon/other/official-artwork/31.png,https://archives.bulbagarden.net/media/upload/9/9d/0031Nidoqueen.png
32,Nidoran♂,Nidoran♂,Gift,,Kanto,I,0,,,46,57,40,40,40,50,https://raw.githubusercontent.com/PokeAPI/sprites/master/sprites/pokemon/other/official-artwork/32.png,https://archives.bulbagarden.net/media/upload/8/8c/0032Nidoran.png
33,Nidorino,Nidorino,Gift,,Kanto,I,1,,nidoran-m,61,72,57,55,55,65,https://raw.githubusercontent.com/PokeAPI/sprites/master/sprites/pokemon/other/official-artwork/33.png,https://archives.bulbagarden.net/media/upload/1/1e/0033Nidorino.png
34,Nidoking,Nidoking,Gift,Boden,Kanto,I,2,,nidorino,81,102,77,85,75,85,https://raw.githubusercontent.com/PokeAPI/sprites/master/sprites/pokemon/other/official-artwork/34.png,https://archives.bulbagarden.net/media/upload/2/21/0034Nidoking.png
35,Piepi,Clefairy,Fee,,Kanto,I,1,,cleffa,70,45,48,60,65,35,https://raw.githubusercontent.com/PokeAPI/sprites/master/sprites/pokemon/other/official-artwork/35.png,https://archives.bulbagarden.net/media/upload/b/b7/0035Clefairy.png
36,Pixi,Clefable,Fee,,Kanto,I,2,,clefairy,95,70,73,95,90,60,https://raw.githubusercontent.com/PokeAPI/sprites/master/sprites/pokemon/other/official-artwork/36.png,https://archives.bulbagarden.net/media/upload/a/a4/0036Clefable.png
37,Vulpix,Vulpix,Feuer,,Kanto,I,0,,,38,41,40,50,65,65,https://raw.githubusercontent.com/PokeAPI/sprites/master/sprites/pokemon/other/official-artwork/37.png,https://archives.bulbagarden.net/media/upload/0/06/0037Vulpix.png
38,Vulnona,Ninetales,Feuer,,Kanto,I,1,,vulpix,73,76,75,81,100,100,https://raw.githubusercontent.com/PokeAPI/sprites/master/sprites/pokemon/other/official-artwork/38.png,https://archives.bulbagarden.net/media/upload/3/3e/0038Ninetales.png
39,Pummeluff,Jigglypuff,Normal,Fee,Kanto,I,1,,igglybuff,115,45,20,45,25,20,https://raw.githubusercontent.com/PokeAPI/sprites/master/sprites/pokemon/other/official-artwork/39.png,https://archives.bulbagarden.net/media/upload/3/3a/0039Jigglypuff.png
40,Knuddeluff,Wigglytuff,Normal,Fee,Kanto,I,2,,jigglypuff,140,70,45,85,50,45,https://raw.githubusercontent.com/PokeAPI/sprites/master/sprites/pokemon/other/official-artwork/40.png,https://archives.bulbagarden.net/media/upload/e/e2/0040Wigglytuff.png
41,Zubat,Zubat,Gift,Flug,Kanto,I,0,,,40,45,35,30,40,55,https://raw.githubusercontent.com/PokeAPI/sprites/master/sprites/pokemon/other/official-artwork/41.png,https://archives.bulbagarden.net/media/upload/4/4c/0041Zubat.png
42,Golbat,Golbat,Gift,Flug,Kanto,I,1,,zubat,75,80,70,65,75,90,https://raw.githubusercontent.com/PokeAPI/sprites/master/sprites/pokemon/other/official-artwork/42.png,https://archives.bulbagarden.net/media/upload/7/76/0042Golbat.png
43,Myrapla,Oddish,Pflanze,Gift,Kanto,I,0,,,45,50,55,75,65,30,https://raw.githubusercontent.com/PokeAPI/sprites/master/sprites/pokemon/other/official-artwork/43.png,https://archives.bulbagarden.net/media/upload/1/16/0043Oddish.png
44,Duflor,Gloom,Pflanze,Gift,Kanto,I,1,,oddish,60,65,70,85,75,40,https://raw.githubusercontent.com/PokeAPI/sprites/master/sprites/pokemon/other/official-artwork/44.png,https://archives.bulbagarden.net/media/upload/e/e0/0044Gloom.png
45,Giflor,Vileplume,Pflanze,Gift,Kanto,I,2,,gloom,75,80,85,110,90,50,https://raw.githubusercontent.com/PokeAPI/sprites/master/sprites/pokemon/other/official-artwork/45.png,https://archives.bulbagarden.net/media/upload/8/89/0045Vileplume.png
46,Paras,Paras,Käfer,Pflanze,Kanto,I,0,,,35,70,55,45,55,25,https://raw.githubusercontent.com/PokeAPI/sprites/master/sprites/pokemon/other/official-artwork/46.png,https://archives.bulbagarden.net/media/upload/8/8a/0046Paras.png
47,Parasek,Parasect,Käfer,Pflanze,Kanto,I,1,,paras,60,95,80,60,80,30,https://raw.githubusercontent.com/PokeAPI/sprites/master/sprites/pokemon/other/official-artwork/47.png,https://archives.bulbagarden.net/media/upload/7/7b/0047Parasect.png
48,Bluzuk,Venonat,Käfer,Gift,Kanto,I,0,,,60,55,50,40,55,45,https://raw.githubusercontent.com/PokeAPI/sprites/master/sprites/pokemon/other/official-artwork/48.png,https://archives.bulbagarden.net/media/upload/2/2c/0048Venonat.png
49,Omot,Venomoth,Käfer,Gift,Kanto,I,1,,venonat,70,65,60,90,75,90,https://raw.githubusercontent.com/PokeAPI/sprites/master/sprites/pokemon/other/official-artwork/49.png,https://archives.bulbagarden.net/media/upload/0/0e/0049Venomoth.png
50,Digda,Diglett,Boden,,Kanto,I,0,,,10,55,25,35,45,95,https://raw.githubusercontent.com/PokeAPI/sprites/master/sprites/pokemon/other/official-artwork/50.png,https://archives.bulbagarden.net/media/upload/a/a6/0050Diglett.png
51,Digdri,Dugtrio,Boden,,Kanto,I,1,,diglett,35,100,50,50,70,120,https://raw.githubusercontent.com/PokeAPI/sprites/master/sprites/pokemon/other/official-artwork/51.png,https://archives.bulbagarden.net/media/upload/8/88/0051Dugtrio.png
52,Mauzi,Meowth,Normal,,Kanto,I,0,,,40,45,35,40,40,90,https://raw.githubusercontent.com/PokeAPI/sprites/master/sprites/pokemon/other/official-artwork/52.png,https://archives.bulbagarden.net/media/upload/d/d6/0052Meowth.png
53,Snobilikat,Persian,Normal,,Kanto,I,1,,meowth,65,70,60,65,65,115,https://raw.githubusercontent.com/PokeAPI/sprites/master/sprites/pokemon/other/official-artwork/53.png,https://archives.bulbagarden.net/media/upload/b/b0/0053Persian.png
54,Enton,Psyduck,Wasser,,Kanto,I,0,,,50,52,48,65,50,55,https://raw.githubusercontent.com/PokeAPI/sprites/master/sprites/pokemon/other/official-artwork/54.png,https://archives.bulbagarden.net/media/upload/3/3f/0054Psyduck.png
55,Entoron,Golduck,Wasser,,Kanto,I,1,,psyduck,80,82,78,95,80,85,https://raw.githubusercontent.com/PokeAPI/sprites/master/sprites/pokemon/other/official-artwork/55.png,https://archives.bulbagarden.net/media/upload/e/ed/0055Golduck.png
56,Menki,Mankey,Kampf,,Kanto,I,0,,,40,80,35,35,45,70,https://raw.githubusercontent.com/PokeAPI/sprites/master/sprites/pokemon/other/official-artwork/56.png,https://archives.bulbagarden.net/media/upload/f/fa/0056Mankey.png
57,Rasaff,Primeape,Kampf,,Kanto,I,1,,mankey,65,105,60,60,70,95,https://raw.githubusercontent.com/PokeAPI/sprites/master/sprites/pokemon/other/official-artwork/57.png,https://archives.bulbagarden.net/media/upload/2/2c/0057Primeape.png
58,Fukano,Growlithe,Feuer,,Kanto,I,0,,,55,70,45,70,50,60,https://raw.githubusercontent.com/PokeAPI/sprites/master/sprites/pokemon/other/official-artwork/58.png,https://archives.bulbagarden.net/media/upload/6/6a/0058Growlithe.png
59,Arkani,Arcanine,Feuer,,Kanto,I,1,,growlithe,90,110,80,100,80,95,https://raw.githubusercontent.com/PokeAPI/sprites/master/sprites/pokemon/other/official-artwork/59.png,https://archives.bulbagarden.net/media/upload/4/42/0059Arcanine.png
60,Quapsel,Poliwag,Wasser,,Kanto,I,0,,,40,50,40,40,40,90,https://raw.githubusercontent.com/PokeAPI/sprites/master/sprites/pokemon/other/official-artwork/60.png,https://archives.bulbagarden.net/media/upload/e/e4/0060Poliwag.png
61,Quaputzi,Poliwhirl,Wasser,,Kanto,I,1,,poliwag,65,65,65,50,50,90,https://raw.githubusercontent.com/PokeAPI/sprites/master/sprites/pokemon/other/official-artwork/61.png,https://archives.bulbagarden.net/media/upload/f/fd/0061Poliwhirl.png
62,Quappo,Poliwrath,Wasser,Kampf,Kanto,I,2,,poliwhirl,90,95,95,70,90,70,https://raw.githubusercontent.com/PokeAPI/sprites/master/sprites/pokemon/other/official-artwork/62.png,https://archives.bulbagarden.net/media/upload/8/80/0062Poliwrath.png
63,Abra,Abra,Psycho,,Kanto,I,0,,,25,20,15,105,55,90,https://raw.githubusercontent.com/PokeAPI/sprites/master/sprites/pokemon/other/official-artwork/63.png,https://archives.bulbagarden.net/media/upload/b/bd/0063Abra.png
64,Kadabra,Kadabra,Psycho,,Kanto,I,1,,abra,40,35,30,120,70,105,https://raw.githubusercontent.com/PokeAPI/sprites/master/sprites/pokemon/other/official-artwork/64.png,https://archives.bulbagarden.net/media/upload/a/af/0064Kadabra.png
65,Simsala,Alakazam,Psycho,,Kanto,I,2,,kadabra,55,50,45,135,95,120,https://raw.githubusercontent.com/PokeAPI/sprites/master/sprites/pokemon/other/official-artwork/65.png,https://archives.bulbagarden.net/media/upload/b/bb/0065Alakazam.png
66,Machollo,Machop,Kampf,,Kanto,I,0,,,70,80,50,35,35,35,https://raw.githubusercontent.com/PokeAPI/sprites/master/sprites/pokemon/other/official-artwork/66.png,https://archives.bulbagarden.net/media/upload/0/02/0066Machop.png
67,Maschock,Machoke,Kampf,,Kanto,I,1,,machop,80,100,70,50,60,45,https://raw.githubusercontent.com/PokeAPI/sprites/master/sprites/pokemon/other/official-artwork/67.png,https://archives.bulbagarden.net/media/upload/2/22/0067Machoke.png
68,Machomei,Machamp,Kampf,,Kanto,I,2,,machoke,90,130,80,65,85,55,https://raw.githubusercontent.com/PokeAPI/sprites/master/sprites/pokemon/other/official-artwork/68.png,https://archives.bulbagarden.net/media/upload/8/82/0068Machamp.png
69,Knofensa,Bellsprout,Pflanze,Gift,Kanto,I,0,,,50,75,35,70,30,40,https://raw.githubusercontent.com/PokeAPI/sprites/master/sprites/pokemon/other/official-artwork/69.png,https://archives.bulbagarden.net/media/upload/6/66/0069Bellsprout.png
70,Ultrigaria,Weepinbell,Pflanze,Gift,Kanto,I,1,,bellsprout,65,90,50,85,45,55,https://raw.githubusercontent.com/PokeAPI/sprites/master/sprites/pokemon/other/official-artwork/70.png,https://archives.bulbagarden.net/media/upload/c/c1/0070Weepinbell.png
71,Sarzenia,Victreebel,Pflanze,Gift,Kanto,I,2,,weepinbell,80,105,65,100,70,70,https://raw.githubusercontent.com/PokeAPI/sprites/master/sprites/pokemon/other/official-artwork/71.png,https://archives.bulbagarden.net/media/upload/e/e9/0071Victreebel.png
72,Tentacha,Tentacool,Wasser,Gift,Kanto,I,0,,,40,40,35,50,100,70,https://raw.githubusercontent.com/PokeAPI/sprites/master/sprites/pokemon/other/official-artwork/72.png,https://archives.bulbagarden.net/media/upload/6/6e/0072Tentacool.png
73,Tentoxa,Tentacruel,Wasser,Gift,Kanto,I,1,,tentacool,80,70,65,80,120,100,https://raw.githubusercontent.com/PokeAPI/sprites/master/sprites/pokemon/other/official-artwork/73.png,https://archives.bulbagarden.net/media/upload/c/cb/0073Tentacruel.png
74,Kleinstein,Geodude,Gestein,Boden,Kanto,I,0,,,40,80,100,30,30,20,https://raw.githubusercontent.com/PokeAPI/sprites/master/sprites/pokemon/other/official-artwork/74.png,https://archives.bulbagarden.net/media/upload/9/97/0074Geodude.png
75,Georok,Graveler,Gestein,Boden,Kanto,I,1,,geodude,55,95,115,45,45,35,https://raw.githubusercontent.com/PokeAPI/sprites/master/sprites/pokemon/other/official-artwork/75.png,https://archives.bulbagarden.net/media/upload/d/d4/0075Graveler.png
76,Geowaz,Golem,Gestein,Boden,Kanto,I,2,,graveler,80,120,130,55,65,45,https://raw.githubusercontent.com/PokeAPI/sprites/master/sprites/pokemon/other/official-artwork/76.png,https://archives.bulbagarden.net/media/upload/3/38/0076Golem.png
77,Ponita,Ponyta,Feuer,,Kanto,I,0,,,50,85,55,65,65,90,https://raw.githubusercontent.com/PokeAPI/sprites/master/sprites/pokemon/other/official-artwork/77.png,https://archives.bulbagarden.net/media/upload/c/c0/0077Ponyta.png
78,Gallopa,Rapidash,Feuer,,Kanto,I,1,,ponyta,65,100,70,80,80,105,https://raw.githubusercontent.com/PokeAPI/sprites/master/sprites/pokemon/other/official-artwork/78.png,https://archives.bulbagarden.net/media/upload/a/a9/0078Rapidash.png
79,Flegmon,Slowpoke,Wasser,Psycho,Kanto,I,0,,,90,65,65,40,40,15,https://raw.githubusercontent.com/PokeAPI/sprites/master/sprites/pokemon/other/official-artwork/79.png,https://archives.bulbagarden.net/media/upload/1/19/0079Slowpoke.png
80,Lahmus,Slowbro,Wasser,Psycho,Kanto,I,1,,slowpoke,95,75,110,100,80,30,https://raw.githubusercontent.com/PokeAPI/sprites/master/sprites/pokemon/other/official-artwork/80.png,https://archives.bulbagarden.net/media/upload/a/a3/0080Slowbro.png
81,Magnetilo,Magnemite,Elektro,Stahl,Kanto,I,0,,,25,35,70,95,55,45,https://raw.githubusercontent.com/PokeAPI/sprites/master/sprites/pokemon/other/official-artwork/81.png,https://archives.bulbagarden.net/media/upload/a/a2/0081Magnemite.png
82,Magneton,Magneton,Elektro,Stahl,Kanto,I,1,,magnemite,50,60,95,120,70,70,https://raw.githubusercontent.com/PokeAPI/sprites/master/sprites/pokemon/other/official-artwork/82.png,https://archives.bulbagarden.net/media/upload/d/d9/0082Magneton.png
83,Porenta,Farfetch’d,Normal,Flug,Kanto,I,0,,,52,90,55,58,62,60,https://raw.githubusercontent.com/PokeAPI/sprites/master/sprites/pokemon/other/official-artwork/83.png,
84,Dodu,Doduo,Normal,Flug,Kanto,I,0,,,35,85,45,35,35,75,https://raw.githubusercontent.com/PokeAPI/sprites/master/sprites/pokemon/other/official-artwork/84.png,https://archives.bulbagarden.net/media/upload/b/b9/0084Doduo.png
85,Dodri,Dodrio,Normal,Flug,Kanto,I,1,,doduo,60,110,70,60,60,110,https://raw.githubusercontent.com/PokeAPI/sprites/master/sprites/pokemon/other/official-artwork/85.png,https://archives.bulbagarden.net/media/upload/9/97/0085Dodrio.png
86,Jurob,Seel,Wasser,,Kanto,I,0,,,65,45,55,45,70,45,https://raw.githubusercontent.com/PokeAPI/sprites/master/sprites/pokemon/other/official-artwork/86.png,https://archives.bulbagarden.net/media/upload/2/22/0086Seel.png
87,Jugong,Dewgong,Wasser,Eis,Kanto,I,1,,seel,90,70,80,70,95,70,https://raw.githubusercontent.com/PokeAPI/sprites/master/sprites/pokemon/other/official-artwork/87.png,https://archives.bulbagarden.net/media/upload/2/2b/0087Dewgong.png
88,Sleima,Grimer,Gift,,Kanto,I,0,,,80,80,50,40,50,25,https://raw.githubusercontent.com/PokeAPI/sprites/master/sprites/pokemon/other/official-artwork/88.png,https://archives.bulbagarden.net/media/upload/e/eb/0088Grimer.png
89,Sleimok,Muk,Gift,,Kanto,I,1,,grimer,105,105,75,65,100,50,https://raw.githubusercontent.com/PokeAPI/sprites/master/sprites/pokemon/other/official-artwork/89.png,https://archives.bulbagarden.net/media/upload/4/41/0089Muk.png
90,Muschas,Shellder,Wasser,,Kanto,I,0,,,30,65,100,45,25,40,https://raw.githubusercontent.com/PokeAPI/sprites/master/sprites/pokemon/other/official-artwork/90.png,https://archives.bulbagarden.net/media/upload/3/3e/0090Shellder.png
91,Austos,Cloyster,Wasser,Eis,Kanto,I,1,,shellder,50,95,180,85,45,70,https://raw.githubusercontent.com/PokeAPI/sprites/master/sprites/pokemon/other/official-artwork/91.png,https://archives.bulbagarden.net/media/upload/9/90/0091Cloyster.png
92,Nebulak,Gastly,Geist,Gift,Kanto,I,0,,,30,35,30,100,35,80,https://raw.githubusercontent.com/PokeAPI/sprites/master/sprites/pokemon/other/official-artwork/92.png,https://archives.bulbagarden.net/media/upload/c/c2/0092Gastly.png
93,Alpollo,Haunter,Geist,Gift,Kanto,I,1,,gastly,45,50,45,115,55,95,https://raw.githubusercontent.com/PokeAPI/sprites/master/sprites/pokemon/other/official-artwork/93.png,https://archives.bulbagarden.net/media/upload/d/d1/0093Haunter.png
94,Gengar,Gengar,Geist,Gift,Kanto,I,2,,haunter,60,65,60,130,75,110,https://raw.githubusercontent.com/PokeAPI/sprites/master/sprites/pokemon/other/official-artwork/94.png,https://archives.bulbagarden.net/media/upload/4/47/0094Gengar.png
95,Onix,Onix,Gestein,Boden,Kanto,I,0,,,35,45,160,30,45,70,https://raw.githubusercontent.com/PokeAPI/sprites/master/sprites/pokemon/other/official-artwork/95.png,https://archives.bulbagarden.net/media/upload/b/b7/0095Onix.png
96,Traumato,Drowzee,Psycho,,Kanto,I,0,,,60,48,45,43,90,42,https://raw.githubusercontent.com/PokeAPI/sprites/master/sprites/pokemon/other/official-artwork/96.png,https://archives.bulbagarden.net/media/upload/e/e4/0096Drowzee.png
97,Hypno,Hypno,Psycho,,Kanto,I,1,,drowzee,85,73,70,73,115,67,https://raw.githubusercontent.com/PokeAPI/sprites/master/sprites/pokemon/other/official-artwork/97.png,https://archives.bulbagarden.net/media/upload/4/4c/0097Hypno.png
98,Krabby,Krabby,Wasser,,Kanto,I,0,,,30,105,90,25,25,50,https://raw.githubusercontent.com/PokeAPI/sprites/master/sprites/pokemon/other/official-artwork/98.png,https://archives.bulbagarden.net/media/upload/e/ed/0098Krabby.png
99,Kingler,Kingler,Wasser,,Kanto,I,1,,krabby,55,130,115,50,50,75,https://raw.githubusercontent.com/PokeAPI/sprites/master/sprites/pokemon/other/official-artwork/99.png,https://archives.bulbagarden.net/media/upload/a/ae/0099Kingler.png
100,Voltobal,Voltorb,Elektro,,Kanto,I,0,,,40,30,50,55,55,100,https://raw.githubusercontent.com/PokeAPI/sprites/master/sprites/pokemon/other/official-artwork/100.png,https://archives.bulbagarden.net/media/upload/5/55/0100Voltorb.png
101,Lektrobal,Electrode,Elektro,,Kanto,I,1,,voltorb,60,50,70,80,80,150,https://raw.githubusercontent.com/PokeAPI/sprites/master/sprites/pokemon/other/official-artwork/101.png,https://archives.bulbagarden.net/media/upload/d/db/0101Electrode.png
102,Owei,Exeggcute,Pflanze,Psycho,Kanto,I,0,,,60,40,80,60,45,40,https://raw.githubusercontent.com/PokeAPI/sprites/master/sprites/pokemon/other/official-artwork/102.png,https://archives.bulbagarden.net/media/upload/6/60/0102Exeggcute.png
103,Kokowei,Exeggutor,Pflanze,Psycho,Kanto,I,1,,exeggcute,95,95,85,125,75,55,https://raw.githubusercontent.com/PokeAPI/sprites/master/sprites/pokemon/other/official-artwork/103.png,https://archives.bulbagarden.net/media/upload/a/ae/0103Exeggutor.png
104,Tragosso,Cubone,Boden,,Kanto,I,0,,,50,50,95,40,50,35,https://raw.githubusercontent.com/PokeAPI/sprites/master/sprites/pokemon/other/official-artwork/104.png,https://archives.bulbagarden.net/media/upload/1/19/0104Cubone.png
105,Knogga,Marowak,Boden,,Kanto,I,1,,cubone,60,80,110,50,80,45,https://raw.githubusercontent.com/PokeAPI/sprites/master/sprites/pokemon/other/official-artwork/105.png,https://archives.bulbagarden.net/media/upload/a/a1/0105Marowak.png
106,Kicklee,Hitmonlee,Kampf,,Kanto,I,1,,tyrogue,50,120,53,35,110,87,https://raw.githubusercontent.com/PokeAPI/sprites/master/sprites/pokemon/other/official-artwork/106.png,https://archives.bulbagarden.net/media/upload/0/00/0106Hitmonlee.png
107,Nockchan,Hitmonchan,Kampf,,Kanto,I,1,,tyrogue,50,105,79,35,110,76,https://raw.githubusercontent.com/PokeAPI/sprites/master/sprites/pokemon/other/official-artwork/107.png,https://archives.bulbagarden.net/media/upload/c/c0/0107Hitmonchan.png
108,Schlurp,Lickitung,Normal,,Kanto,I,0,,,90,55,75,60,75,30,https://raw.githubusercontent.com/PokeAPI/sprites/master/sprites/pokemon/other/official-artwork/108.png,https://archives.bulbagarden.net/media/upload/f/f2/0108Lickitung.png
109,Smogon,Koffing,Gift,,Kanto,I,0,,,40,65,95,60,45,35,https://raw.githubusercontent.com/PokeAPI/sprites/master/sprites/pokemon/other/official-artwork/109.png,https://archives.bulbagarden.net/media/upload/1/16/0109Koffing.png
110,Smogmog,Weezing,Gift,,Kanto,I,1,,koffing,65,90,120,85,70,60,https://raw.githubusercontent.com/PokeAPI/sprites/master/sprites/pokemon/other/official-artwork/110.png,https://archives.bulbagarden.net/media/upload/7/72/0110Weezing.png
111,Rihorn,Rhyhorn,Boden,Gestein,Kanto,I,0,,,80,85,95,30,30,25,https://raw.githubusercontent.com/PokeAPI/sprites/master/sprites/pokemon/other/official-artwork/111.png,https://archives.bulbagarden.net/media/upload/7/7f/0111Rhyhorn.png
112,Rizeros,Rhydon,Boden,Gestein,Kanto,I,1,,rhyhorn,105,130,120,45,45,40,https://raw.githubusercontent.com/PokeAPI/sprites/master/sprites/pokemon/other/official-artwork/112.png,https://archives.bulbagarden.net/media/upload/7/79/0112Rhydon.png
113,Chaneira,Chansey,Normal,,Kanto,I,1,,happiny,250,5,5,35,105,50,https://raw.githubusercontent.com/PokeAPI/sprites/master/sprites/pokemon/other/official-artwork/113.png,https://archives.bulbagarden.net/media/upload/c/c0/0113Chansey.png
114,Tangela,Tangela,Pflanze,,Kanto,I,0,,,65,55,115,100,40,60,https://raw.githubusercontent.com/PokeAPI/sprites/master/sprites/pokemon/other/official-artwork/114.png,https://archives.bulbagarden.net/media/upload/2/22/0114Tangela.png
115,Kangama,Kangaskhan,Normal,,Kanto,I,0,,,105,95,80,40,80,90,https://raw.githubusercontent.com/PokeAPI/sprites/master/sprites/pokemon/other/official-artwork/115.png,https://archives.bulbagarden.net/media/upload/e/e5/0115Kangaskhan.png
116,Seeper,Horsea,Wasser,,Kanto,I,0,,,30,40,70,70,25,60,https://raw.githubusercontent.com/PokeAPI/sprites/master/sprites/pokemon/other/official-artwork/116.png,https://archives.bulbagarden.net/media/upload/1/14/0116Horsea.png
117,Seemon,Seadra,Wasser,,Kanto,I,1,,horsea,55,65,95,95,45,85,https://raw.githubusercontent.com/PokeAPI/sprites/master/sprites/pokemon/other/official-artwork/117.png,https://archives.bulbagarden.net/media/upload/2/22/0117Seadra.png
118,Goldini,Goldeen,Wasser,,Kanto,I,0,,,45,67,60,35,50,63,https://raw.githubusercontent.com/PokeAPI/sprites/master/sprites/pokemon/other/official-artwork/118.png,https://archives.bulbagarden.net/media/upload/b/b6/0118Goldeen.png
119,Golking,Seaking,Wasser,,Kanto,I,1,,goldeen,80,92,65,65,80,68,https://raw.githubusercontent.com/PokeAPI/sprites/master/sprites/pokemon/other/official-artwork/119.png,https://archives.bulbagarden.net/media/upload/7/76/0119Seaking.png
120,Sterndu,Staryu,Wasser,,Kanto,I,0,,,30,45,55,70,55,85,https://raw.githubusercontent.com/PokeAPI/sprites/master/sprites/pokemon/other/official-artwork/120.png,https://archives.bulbagarden.net/media/upload/3/38/0120Staryu.png
121,Starmie,Starmie,Wasser,Psycho,Kanto,I,1,,staryu,60,75,85,100,85,115,https://raw.githubusercontent.com/PokeAPI/sprites/master/sprites/pokemon/other/official-artwork/121.png,https://archives.bulbagarden.net/media/upload/a/aa/0121Starmie.png
122,Pantimos,Mr. Mime,Psycho,Fee,Kanto,I,1,,mime-jr,40,45,65,100,120,90,https://raw.githubusercontent.com/PokeAPI/sprites/master/sprites/pokemon/other/official-artwork/122.png,
123,Sichlor,Scyther,Käfer,Flug,Kanto,I,0,,,70,110,80,55,80,105,https://raw.githubusercontent.com/PokeAPI/sprites/master/sprites/pokemon/other/official-artwork/123.png,https://archives.bulbagarden.net/media/upload/8/81/0123Scyther.png
124,Rossana,Jynx,Eis,Psycho,Kanto,I,1,,smoochum,65,50,35,115,95,95,https://raw.githubusercontent.com/PokeAPI/sprites/master/sprites/pokemon/other/official-artwork/124.png,https://archives.bulbagarden.net/media/upload/0/07/0124Jynx.png
125,Elektek,Electabuzz,Elektro,,Kanto,I,1,,elekid,65,83,57,95,85,105,https://raw.githubusercontent.com/PokeAPI/sprites/master/sprites/pokemon/other/official-artwork/125.png,https://archives.bulbagarden.net/media/upload/5/5c/0125Electabuzz.png
126,Magmar,Magmar,Feuer,,Kanto,I,1,,magby,65,95,57,100,85,93,https://raw.githubusercontent.com/PokeAPI/sprites/master/sprites/pokemon/other/official-artwork/126.png,https://archives.bulbagarden.net/media/upload/7/72/0126Magmar.png
127,Pinsir,Pinsir,Käfer,,Kanto,I,0,,,65,125,100,55,70,85,https://raw.githubusercontent.com/PokeAPI/sprites/master/sprites/pokemon/other/official-artwork/127.png,https://archives.bulbagarden.net/media/upload/a/a9/0127Pinsir.png
128,Tauros,Tauros,Normal,,Kanto,I,0,,,75,100,95,40,70,110,https://raw.githubusercontent.com/PokeAPI/sprites/master/sprites/pokemon/other/official-artwork/128.png,https://archives.bulbagarden.net/media/upload/a/ad/0128Tauros.png
129,Karpador,Magikarp,Wasser,,Kanto,I,0,,,20,10,55,15,20,80,https://raw.githubusercontent.com/PokeAPI/sprites/master/sprites/pokemon/other/official-artwork/129.png,https://archives.bulbagarden.net/media/upload/d/d1/0129Magikarp.png
130,Garados,Gyarados,Wasser,Flug,Kanto,I,1,,magikarp,95,125,79,60,100,81,https://raw.githubusercontent.com/PokeAPI/sprites/master/sprites/pokemon/other/official-artwork/130.png,https://archives.bulbagarden.net/media/upload/b/bc/0130Gyarados.png
131,Lapras,Lapras,Wasser,Eis,Kanto,I,0,,,130,85,80,85,95,60,https://raw.githubusercontent.com/PokeAPI/sprites/master/sprites/pokemon/other/official-artwork/131.png,https://archives.bulbagarden.net/media/upload/9/99/0131Lapras.png
132,Ditto,Ditto,Normal,,Kanto,I,0,,,48,48,48,48,48,48,https://raw.githubusercontent.com/PokeAPI/sprites/master/sprites/pokemon/other/official-artwork/132.png,https://archives.bulbagarden.net/media/upload/2/25/0132Ditto.png
133,Evoli,Eevee,Normal,,Kanto,I,0,,,55,55,50,45,65,55,https://raw.githubusercontent.com/PokeAPI/sprites/master/sprites/pokemon/other/official-artwork/133.png,https://archives.bulbagarden.net/media/upload/4/4c/0133Eevee.png
134,Aquana,Vaporeon,Wasser,,Kanto,I,1,,eevee,130,65,60,110,95,65,https://raw.githubusercontent.com/PokeAPI/sprites/master/sprites/pokemon/other/official-artwork/134.png,https://archives.bulbagarden.net/media/upload/6/6d/0134Vaporeon.png
135,Blitza,Jolteon,Elektro,,Kanto,I,1,,eevee,65,65,60,110,95,130,https://raw.githubusercontent.com/PokeAPI/sprites/master/sprites/pokemon/other/official-artwork/135.png,https://archives.bulbagarden.net/media/upload/e/e3/0135Jolteon.png
136,Flamara,Flareon,Feuer,,Kanto,I,1,,eevee,65,130,60,95,110,65,https://raw.githubusercontent.com/PokeAPI/sprites/master/sprites/pokemon/other/official-artwork/136.png,https://archives.bulbagarden.net/media/upload/f/f1/0136Flareon.png
137,Porygon,Porygon,Normal,,Kanto,I,0,,,65,60,70,85,75,40,https://raw.githubusercontent.com/PokeAPI/sprites/master/sprites/pokemon/other/official-artwork/137.png,https://archives.bulbagarden.net/media/upload/8/8e/0137Porygon.png
138,Amonitas,Omanyte,Gestein,Wasser,Kanto,I,0,,,35,40,100,90,55,35,https://raw.githubusercontent.com/PokeAPI/sprites/master/sprites/pokemon/other/official-artwork/138.png,https://archives.bulbagarden.net/media/upload/e/e6/0138Omanyte.png
139,Amoroso,Omastar,Gestein,Wasser,Kanto,I,1,,omanyte,70,60,125,115,70,55,https://raw.githubusercontent.com/PokeAPI/sprites/master/sprites/pokemon/other/official-artwork/139.png,https://archives.bulbagarden.net/media/upload/6/66/0139Omastar.png
140,Kabuto,Kabuto,Gestein,Wasser,Kanto,I,0,,,30,80,90,55,45,55,https://raw.githubusercontent.com/PokeAPI/sprites/master/sprites/pokemon/other/official-artwork/140.png,https://archives.bulbagarden.net/media/upload/d/d2/0140Kabuto.png
141,Kabutops,Kabutops,Gestein,Wasser,Kanto,I,1,,kabuto,60,115,105,65,70,80,https://raw.githubusercontent.com/PokeAPI/sprites/master/sprites/pokemon/other/official-artwork/141.png,https://archives.bulbagarden.net/media/upload/4/41/0141Kabutops.png
142,Aerodactyl,Aerodactyl,Gestein,Flug,Kanto,I,0,,,80,105,65,60,75,130,https://raw.githubusercontent.com/PokeAPI/sprites/master/sprites/pokemon/other/official-artwork/142.png,https://archives.bulbagarden.net/media/upload/2/2c/0142Aerodactyl.png
143,Relaxo,Snorlax,Normal,,Kanto,I,1,,munchlax,160,110,65,65,110,30,https://raw.githubusercontent.com/PokeAPI/sprites/master/sprites/pokemon/other/official-artwork/143.png,https://archives.bulbagarden.net/media/upload/3/3f/0143Snorlax.png
144,Arktos,Articuno,Eis,Flug,Kanto,I,0,,,90,85,100,95,125,85,https://raw.githubusercontent.com/PokeAPI/sprites/master/sprites/pokemon/other/official-artwork/144.png,https://archives.bulbagarden.net/media/upload/d/d0/0144Articuno.png
145,Zapdos,Zapdos,Elektro,Flug,Kanto,I,0,,,90,90,85,125,90,100,https://raw.githubusercontent.com/PokeAPI/sprites/master/sprites/pokemon/other/official-artwork/145.png,https://archives.bulbagarden.net/media/upload/c/c6/0145Zapdos.png
146,Lavados,Moltres,Feuer,Flug,Kanto,I,0,,,90,100,90,125,85,90,https://raw.githubusercontent.com/PokeAPI/sprites/master/sprites/pokemon/other/official-artwork/146.png,https://archives.bulbagarden.net/media/upload/2/21/0146Moltres.png
147,Dratini,Dratini,Drache,,Kanto,I,0,,,41,64,45,50,50,50,https://raw.githubusercontent.com/PokeAPI/sprites/master/sprites/pokemon/other/official-artwork/147.png,https://archives.bulbagarden.net/media/upload/a/ae/0147Dratini.png
148,Dragonir,Dragonair,Drache,,Kanto,I,1,,dratini,61,84,65,70,70,70,https://raw.githubusercontent.com/PokeAPI/sprites/master/sprites/pokemon/other/official-artwork/148.png,https://archives.bulbagarden.net/media/upload/0/0d/0148Dragonair.png
149,Dragoran,Dragonite,Drache,Flug,Kanto,I,2,,dragonair,91,134,95,100,100,80,https://raw.githubusercontent.com/PokeAPI/sprites/master/sprites/pokemon/other/official-artwork/149.png,https://archives.bulbagarden.net/media/upload/1/1c/0149Dragonite.png
150,Mewtu,Mewtwo,Psycho,,Kanto,I,0,,,106,110,90,154,90,130,https://raw.githubusercontent.com/PokeAPI/sprites/master/sprites/pokemon/other/official-artwork/150.png,https://archives.bulbagarden.net/media/upload/8/89/0150Mewtwo.png
151,Mew,Mew,Psycho,,Kanto,I,0,,,100,100,100,100,100,100,https://raw.githubusercontent.com/PokeAPI/sprites/master/sprites/pokemon/other/official-artwork/151.png,https://archives.bulbagarden.net/media/upload/9/9a/0151Mew.png
152,Endivie,Chikorita,Pflanze,,Johto,II,0,,,45,49,65,49,65,45,https://raw.githubusercontent.com/PokeAPI/sprites/master/sprites/pokemon/other/official-artwork/152.png,https://archives.bulbagarden.net/media/upload/b/bc/0152Chikorita.png
153,Lorblatt,Bayleef,Pflanze,,Johto,II,1,,chikorita,60,62,80,63,80,60,https://raw.githubusercontent.com/PokeAPI/sprites/master/sprites/pokemon/other/official-artwork/153.png,https://archives.bulbagarden.net/media/upload/8/85/0153Bayleef.png
154,Meganie,Meganium,Pflanze,,Johto,II,2,,bayleef,80,82,100,83,100,80,https://raw.githubusercontent.com/PokeAPI/sprites/master/sprites/pokemon/other/official-artwork/154.png,https://archives.bulbagarden.net/media/upload/8/8b/0154Meganium.png
155,Feurigel,Cyndaquil,Feuer,,Johto,II,0,,,39,52,43,60,50,65,https://raw.githubusercontent.com/PokeAPI/sprites/master/sprites/pokemon/other/official-artwork/155.png,https://archives.bulbagarden.net/media/upload/9/97/0155Cyndaquil.png
156,Igelavar,Quilava,Feuer,,Johto,II,1,,cyndaquil,58,64,58,80,65,80,https://raw.githubusercontent.com/PokeAPI/sprites/master/sprites/pokemon/other/official-artwork/156.png,https://archives.bulbagarden.net/media/upload/3/3f/0156Quilava.png
157,Tornupto,Typhlosion,Feuer,,Johto,II,2,,quilava,78,84,78,109,85,100,https://raw.githubusercontent.com/PokeAPI/sprites/master/sprites/pokemon/other/official-artwork/157.png,https://archives.bulbagarden.net/media/upload/1/13/0157Typhlosion.png
158,Karnimani,Totodile,Wasser,,Johto,II,0,,,50,65,64,44,48,43,https://raw.githubusercontent.com/PokeAPI/sprites/master/sprites/pokemon/other/official-artwork/158.png,https://archives.bulbagarden.net/media/upload/f/f7/0158Totodile.png
159,Tyracroc,Croconaw,Wasser,,Johto,II,1,,totodile,65,80,80,59,63,58,https://raw.githubusercontent.com/PokeAPI/sprites/master/sprites/pokemon/other/official-artwork/159.png,https://archives.bulbagarden.net/media/upload/0/03/0159Croconaw.png
160,Impergator,Feraligatr,Wasser,,Johto,II,2,,croconaw,85,105,100,79,83,78,https://raw.githubusercontent.com/PokeAPI/sprites/master/sprites/pokemon/other/official-artwork/160.png,https://archives.bulbagarden.net/media/upload/2/29/0160Feraligatr.png
161,Wiesor,Sentret,Normal,,Johto,II,0,,,35,46,34,35,45,20,https://raw.githubusercontent.com/PokeAPI/sprites/master/sprites/pokemon/other/official-artwork/161.png,https://archives.bulbagarden.net/media/upload/3/34/0161Sentret.png
162,Wiesenior,Furret,Normal,,Johto,II,1,,sentret,85,76,64,45,55,90,https://raw.githubusercontent.com/PokeAPI/sprites/master/sprites/pokemon/other/official-artwork/162.png,https://archives.bulbagarden.net/media/upload/a/a8/0162Furret.png
163,Hoothoot,Hoothoot,Normal,Flug,Johto,II,0,,,60,30,30,36,56,50,https://raw.githubusercontent.com/PokeAPI/sprites/master/sprites/pokemon/other/official-artwork/163.png,https://archives.bulbagarden.net/media/upload/3/38/0163Hoothoot.png
164,Noctuh,Noctowl,Normal,Flug,Johto,II,1,,hoothoot,100,50,50,86,96,70,https://raw.githubusercontent.com/PokeAPI/sprites/master/sprites/pokemon/other/official-artwork/164.png,https://archives.bulbagarden.net/media/upload/1/14/0164Noctowl.png
165,Ledyba,Ledyba,Käfer,Flug,Johto,II,0,,,40,20,30,40,80,55,https://raw.githubusercontent.com/PokeAPI/sprites/master/sprites/pokemon/other/official-artwork/165.png,https://archives.bulbagarden.net/media/upload/9/91/0165Ledyba.png
166,Ledian,Ledian,Käfer,Flug,Johto,II,1,,ledyba,55,35,50,55,110,85,https://raw.githubusercontent.com/PokeAPI/sprites/master/sprites/pokemon/other/official-artwork/166.png,https://archives.bulbagarden.net/media/upload/4/4f/0166Ledian.png
167,Webarak,Spinarak,Käfer,Gift,Johto,II,0,,,40,60,40,40,40,30,https://raw.githubusercontent.com/PokeAPI/sprites/master/sprites/pokemon/other/official-artwork/167.png,https://archives.bulbagarden.net/media/upload/2/2b/0167Spinarak.png
168,Ariados,Ariados,Käfer,Gift,Johto,II,1,,spinarak,70,90,70,60,70,40,https://raw.githubusercontent.com/PokeAPI/sprites/master/sprites/pokemon/other/official-artwork/168.png,https://archives.bulbagarden.net/media/upload/5/5c/0168Ariados.png
169,Iksbat,Crobat,Gift,Flug,Johto,II,2,,golbat,85,90,80,70,80,130,https://raw.githubusercontent.com/PokeAPI/sprites/master/sprites/pokemon/other/official-artwork/169.png,https://archives.bulbagarden.net/media/upload/3/35/0169Crobat.png
170,Lampi,Chinchou,Wasser,Elektro,Johto,II,0,,,75,38,38,56,56,67,https://raw.githubusercontent.com/PokeAPI/sprites/master/sprites/pokemon/other/official-artwork/170.png,https://archives.bulbagarden.net/media/upload/c/ca/0170Chinchou.png
171,Lanturn,Lanturn,Wasser,Elektro,Johto,II,1,,chinchou,125,58,58,76,76,67,https://raw.githubusercontent.com/PokeAPI/sprites/master/sprites/pokemon/other/official-artwork/171.png,https://archives.bulbagarden.net/media/upload/0/09/0171Lanturn.png
172,Pichu,Pichu,Elektro,,Johto,II,0,,,20,40,15,35,35,60,https://raw.githubusercontent.com/PokeAPI/sprites/master/sprites/pokemon/other/official-artwork/172.png,https://archives.bulbagarden.net/media/upload/f/f3/0172Pichu.png
173,Pii,Cleffa,Fee,,Johto,II,0,,,50,25,28,45,55,15,https://raw.githubusercontent.com/PokeAPI/sprites/master/sprites/pokemon/other/official-artwork/173.png,https://archives.bulbagarden.net/media/upload/7/73/0173Cleffa.png
174,Fluffeluff,Igglybuff,Normal,Fee,Johto,II,0,,,90,30,15,40,20,15,https://raw.githubusercontent.com/PokeAPI/sprites/master/sprites/pokemon/other/official-artwork/174.png,https://archives.bulbagarden.net/media/upload/0/06/0174Igglybuff.png
175,Togepi,Togepi,Fee,,Johto,II,0,,,35,20,65,40,65,20,https://raw.githubusercontent.com/PokeAPI/sprites/master/sprites/pokemon/other/official-artwork/175.png,https://archives.bulbagarden.net/media/upload/0/01/0175Togepi.png
176,Togetic,Togetic,Fee,Flug,Johto,II,1,,togepi,55,40,85,80,105,40,https://raw.githubusercontent.com/PokeAPI/sprites/master/sprites/pokemon/other/official-artwork/176.png,https://archives.bulbagarden.net/media/upload/3/3b/0176Togetic.png
177,Natu,Natu,Psycho,Flug,Johto,II,0,,,40,50,45,70,45,70,https://raw.githubusercontent.com/PokeAPI/sprites/master/sprites/pokemon/other/official-artwork/177.png,https://archives.bulbagarden.net/media/upload/7/71/0177Natu.png
178,Xatu,Xatu,Psycho,Flug,Johto,II,1,,natu,65,75,70,95,70,95,https://raw.githubusercontent.com/PokeAPI/sprites/master/sprites/pokemon/other/official-artwork/178.png,https://archives.bulbagarden.net/media/upload/c/c3/0178Xatu.png
179,Voltilamm,Mareep,Elektro,,Johto,II,0,,,55,40,40,65,45,35,https://raw.githubusercontent.com/PokeAPI/sprites/master/sprites/pokemon/other/official-artwork/179.png,https://archives.bulbagarden.net/media/upload/1/16/0179Mareep.png
180,Waaty,Flaaffy,Elektro,,Johto,II,1,,mareep,70,55,55,80,60,45,https://raw.githubusercontent.com/PokeAPI/sprites/master/sprites/pokemon/other/official-artwork/180.png,https://archives.bulbagarden.net/media/upload/1/19/0180Flaaffy.png
181,Ampharos,Ampharos,Elektro,,Johto,II,2,,flaaffy,90,75,85,115,90,55,https://raw.githubusercontent.com/PokeAPI/sprites/master/sprites/pokemon/other/official-artwork/181.png,https://archives.bulbagarden.net/media/upload/c/c2/0181Ampharos.png
182,Blubella,Bellossom,Pflanze,,Johto,II,2,,gloom,75,80,95,90,100,50,https://raw.githubusercontent.com/PokeAPI/sprites/master/sprites/pokemon/other/official-artwork/182.png,https://archives.bulbagarden.net/media/upload/5/51/0182Bellossom.png
183,Marill,Marill,Wasser,Fee,Johto,II,1,,azurill,70,20,50,20,50,40,https://raw.githubusercontent.com/PokeAPI/sprites/master/sprites/pokemon/other/official-artwork/183.png,https://archives.bulbagarden.net/media/upload/8/8e/0183Marill.png
184,Azumarill,Azumarill,Wasser,Fee,Johto,II,2,,marill,100,50,80,60,80,50,https://raw.githubusercontent.com/PokeAPI/sprites/master/sprites/pokemon/other/official-artwork/184.png,https://archives.bulbagarden.net/media/upload/2/22/0184Azumarill.png
185,Mogelbaum,Sudowoodo,Gestein,,Johto,II,1,,bonsly,70,100,115,30,65,30,https://raw.githubusercontent.com/PokeAPI/sprites/master/sprites/pokemon/other/official-artwork/185.png,https://archives.bulbagarden.net/media/upload/2/2f/0185Sudowoodo.png
186,Quaxo,Politoed,Wasser,,Johto,II,2,,poliwhirl,90,75,75,90,100,70,https://raw.githubusercontent.com/PokeAPI/sprites/master/sprites/pokemon/other/official-artwork/186.png,https://archives.bulbagarden.net/media/upload/9/9b/0186Politoed.png
187,Hoppspross,Hoppip,Pflanze,Flug,Johto,II,0,,,35,35,40,35,55,50,https://raw.githubusercontent.com/PokeAPI/sprites/master/sprites/pokemon/other/official-artwork/187.png,https://archives.bulbagarden.net/media/upload/c/c9/0187Hoppip.png
188,Hubelupf,Skiploom,Pflanze,Flug,Johto,II,1,,hoppip,55,45,50,45,65,80,https://raw.githubusercontent.com/PokeAPI/sprites/master/sprites/pokemon/other/official-artwork/188.png,https://archives.bulbagarden.net/media/upload/f/f2/0188Skiploom.png
189,Papungha,Jumpluff,Pflanze,Flug,Johto,II,2,,skiploom,75,55,70,55,95,110,https://raw.githubusercontent.com/PokeAPI/sprites/master/sprites/pokemon/other/official-artwork/189.png,https://archives.bulbagarden.net/media/upload/6/64/0189Jumpluff.png
190,Griffel,Aipom,Normal,,Johto,II,0,,,55,70,55,40,55,85,https://raw.githubusercontent.com/PokeAPI/sprites/master/sprites/pokemon/other/official-artwork/190.png,https://archives.bulbagarden.net/media/upload/0/0d/0190Aipom.png
191,Sonnkern,Sunkern,Pflanze,,Johto,II,0,,,30,30,30,30,30,30,https://raw.githubusercontent.com/PokeAPI/sprites/master/sprites/pokemon/other/official-artwork/191.png,https://archives.bulbagarden.net/media/upload/6/67/0191Sunkern.png
192,Sonnflora,Sunflora,Pflanze,,Johto,II,1,,sunkern,75,75,55,105,85,30,https://raw.githubusercontent.com/PokeAPI/sprites/master/sprites/pokemon/other/official-artwork/192.png,https://archives.bulbagarden.net/media/upload/0/0d/0192Sunflora.png
193,Yanma,Yanma,Käfer,Flug,Johto,II,0,,,65,65,45,75,45,95,https://raw.githubusercontent.com/PokeAPI/sprites/master/sprites/pokemon/other/official-artwork/193.png,https://archives.bulbagarden.net/media/upload/2/2d/0193Yanma.png
194,Felino,Wooper,Wasser,Boden,Johto,II,0,,,55,45,45,25,25,15,https://raw.githubusercontent.com/PokeAPI/sprites/master/sprites/pokemon/other/official-artwork/194.png,https://archives.bulbagarden.net/media/upload/f/f7/0194Wooper.png
195,Morlord,Quagsire,Wasser,Boden,Johto,II,1,,wooper,95,85,85,65,65,35,https://raw.githubusercontent.com/PokeAPI/sprites/master/sprites/pokemon/other/official-artwork/195.png,https://archives.bulbagarden.net/media/upload/0/01/0195Quagsire.png
196,Psiana,Espeon,Psycho,,Johto,II,1,,eevee,65,65,60,130,95,110,https://raw.githubusercontent.com/PokeAPI/sprites/master/sprites/pokemon/other/official-artwork/196.png,https://archives.bulbagarden.net/media/upload/6/67/0196Espeon.png
197,Nachtara,Umbreon,Unlicht,,Johto,II,1,,eevee,95,65,110,60,130,65,https://raw.githubusercontent.com/PokeAPI/sprites/master/sprites/pokemon/other/official-artwork/197.png,https://archives.bulbagarden.net/media/upload/e/e1/0197Umbreon.png
198,Kramurx,Murkrow,Unlicht,Flug,Johto,II,0,,,60,85,42,85,42,91,https://raw.githubusercontent.com/PokeAPI/sprites/master/sprites/pokemon/other/official-artwork/198.png,https://archives.bulbagarden.net/media/upload/e/e7/0198Murkrow.png
199,Laschoking,Slowking,Wasser,Psycho,Johto,II,1,,slowpoke,95,75,80,100,110,30,https://raw.githubusercontent.com/PokeAPI/sprites/master/sprites/pokemon/other/official-artwork/199.png,https://archives.bulbagarden.net/media/upload/8/89/0199Slowking.png
200,Traunfugil,Misdreavus,Geist,,Johto,II,0,,,60,60,60,85,85,85,https://raw.githubusercontent.com/PokeAPI/sprites/master/sprites/pokemon/other/official-artwork/200.png,https://archives.bulbagarden.net/media/upload/1/1f/0200Misdreavus.png
201,Icognito,Unown,Psycho,,Johto,II,0,,,48,72,48,72,48,48,https://raw.githubusercontent.com/PokeAPI/sprites/master/sprites/pokemon/other/official-artwork/201.png,https://archives.bulbagarden.net/media/upload/b/b4/0201Unown.png
202,Woingenau,Wobbuffet,Psycho,,Johto,II,1,,wynaut,190,33,58,33,58,33,https://raw.githubusercontent.com/PokeAPI/sprites/master/sprites/pokemon/other/official-artwork/202.png,https://archives.bulbagarden.net/media/upload/7/7d/0202Wobbuffet.png
203,Girafarig,Girafarig,Normal,Psycho,Johto,II,0,,,70,80,65,90,65,85,https://raw.githubusercontent.com/PokeAPI/sprites/master/sprites/pokemon/other/official-artwork/203.png,https://archives.bulbagarden.net/media/upload/6/65/0203Girafarig.png
204,Tannza,Pineco,Käfer,,Johto,II,0,,,50,65,90,35,35,15,https://raw.githubusercontent.com/PokeAPI/sprites/master/sprites/pokemon/other/official-artwork/204.png,https://archives.bulbagarden.net/media/upload/7/7a/0204Pineco.png
205,Forstellka,Forretress,Käfer,Stahl,Johto,II,1,,pineco,75,90,140,60,60,40,https://raw.githubusercontent.com/PokeAPI/sprites/master/sprites/pokemon/other/official-artwork/205.png,https://archives.bulbagarden.net/media/upload/4/45/0205Forretress.png
206,Dummisel,Dunsparce,Normal,,Johto,II,0,,,100,70,70,65,65,45,https://raw.githubusercontent.com/PokeAPI/sprites/master/sprites/pokemon/other/official-artwork/206.png,https://archives.bulbagarden.net/media/upload/c/c0/0206Dunsparce.png
207,Skorgla,Gligar,Boden,Flug,Johto,II,0,,,65,75,105,35,65,85,https://raw.githubusercontent.com/PokeAPI/sprites/master/sprites/pokemon/other/official-artwork/207.png,https://archives.bulbagarden.net/media/upload/4/49/0207Gligar.png
208,Stahlos,Steelix,Stahl,Boden,Johto,II,1,,onix,75,85,200,55,65,30,https://raw.githubusercontent.com/PokeAPI/sprites/master/sprites/pokemon/other/official-artwork/208.png,https://archives.bulbagarden.net/media/upload/2/2a/0208Steelix.png
209,Snubbull,Snubbull,Fee,,Johto,II,0,,,60,80,50,40,40,30,https://raw.githubusercontent.com/PokeAPI/sprites/master/sprites/pokemon/other/official-artwork/209.png,https://archives.bulbagarden.net/media/upload/2/24/0209Snubbull.png
210,Granbull,Granbull,Fee,,Johto,II,1,,snubbull,90,120,75,60,60,45,https://raw.githubusercontent.com/PokeAPI/sprites/master/sprites/pokemon/other/official-artwork/210.png,https://archives.bulbagarden.net/media/upload/e/eb/0210Granbull.png
211,Baldorfish,Qwilfish,Wasser,Gift,Johto,II,0,,,65,95,85,55,55,85,https://raw.githubusercontent.com/PokeAPI/sprites/master/sprites/pokemon/other/official-artwork/211.png,https://archives.bulbagarden.net/media/upload/b/bb/0211Qwilfish.png
212,Scherox,Scizor,Käfer,Stahl,Johto,II,1,,scyther,70,130,100,55,80,65,https://raw.githubusercontent.com/PokeAPI/sprites/master/sprites/pokemon/other/official-artwork/212.png,https://archives.bulbagarden.net/media/upload/3/39/0212Scizor.png
213,Pottrott,Shuckle,Käfer,Gestein,Johto,II,0,,,20,10,230,10,230,5,https://raw.githubusercontent.com/PokeAPI/sprites/master/sprites/pokemon/other/official-artwork/213.png,https://archives.bulbagarden.net/media/upload/5/59/0213Shuckle.png
214,Skaraborn,Heracross,Käfer,Kampf,Johto,II,0,,,80,125,75,40,95,85,https://raw.githubusercontent.com/PokeAPI/sprites/master/sprites/pokemon/other/official-artwork/214.png,https://archives.bulbagarden.net/media/upload/7/75/0214Heracross.png
215,Sniebel,Sneasel,Unlicht,Eis,Johto,II,0,,,55,95,55,35,75,115,https://raw.githubusercontent.com/PokeAPI/sprites/master/sprites/pokemon/other/official-artwork/215.png,https://archives.bulbagarden.net/media/upload/d/d4/0215Sneasel.png
216,Teddiursa,Teddiursa,Normal,,Johto,II,0,,,60,80,50,50,50,40,https://raw.githubusercontent.com/PokeAPI/sprites/master/sprites/pokemon/other/official-artwork/216.png,https://archives.bulbagarden.net/media/upload/1/11/0216Teddiursa.png
217,Ursaring,Ursaring,Normal,,Johto,II,1,,teddiursa,90,130,75,75,75,55,https://raw.githubusercontent.com/PokeAPI/sprites/master/sprites/pokemon/other/official-artwork/217.png,https://archives.bulbagarden.net/media/upload/d/d7/0217Ursaring.png
218,Schneckmag,Slugma,Feuer,,Johto,II,0,,,40,40,40,70,40,20,https://raw.githubusercontent.com/PokeAPI/sprites/master/sprites/pokemon/other/official-artwork/218.png,https://archives.bulbagarden.net/media/upload/3/38/0218Slugma.png
219,Magcargo,Magcargo,Feuer,Gestein,Johto,II,1,,slugma,60,50,120,90,80,30,https://raw.githubusercontent.com/PokeAPI/sprites/master/sprites/pokemon/other/official-artwork/219.png,https://archives.bulbagarden.net/media/upload/e/eb/0219Magcargo.png
220,Quiekel,Swinub,Eis,Boden,Johto,II,0,,,50,50,40,30,30,50,https://raw.githubusercontent.com/PokeAPI/sprites/master/sprites/pokemon/other/official-artwork/220.png,https://archives.bulbagarden.net/media/upload/f/f7/0220Swinub.png
221,Keifel,Piloswine,Eis,Boden,Johto,II,1,,swinub,100,100,80,60,60,50,https://raw.githubusercontent.com/PokeAPI/sprites/master/sprites/pokemon/other/official-artwork/221.png,https://archives.bulbagarden.net/media/upload/3/3e/0221Piloswine.png
222,Corasonn,Corsola,Wasser,Gestein,Johto,II,0,,,65,55,95,65,95,35,https://raw.githubusercontent.com/PokeAPI/sprites/master/sprites/pokemon/other/official-artwork/222.png,https://archives.bulbagarden.net/media/upload/e/e8/0222Corsola.png
223,Remoraid,Remoraid,Wasser,,Johto,II,0,,,35,65,35,65,35,65,https://raw.githubusercontent.com/PokeAPI/sprites/master/sprites/pokemon/other/official-artwork/223.png,https://archives.bulbagarden.net/media/upload/e/ed/0223Remoraid.png
224,Octillery,Octillery,Wasser,,Johto,II,1,,remoraid,75,105,75,105,75,45,https://raw.githubusercontent.com/PokeAPI/sprites/master/sprites/pokemon/other/official-artwork/224.png,https://archives.bulbagarden.net/media/upload/e/e4/0224Octillery.png
225,Botogel,Delibird,Eis,Flug,Johto,II,0,,,45,55,45,65,45,75,https://raw.githubusercontent.com/PokeAPI/sprites/master/sprites/pokemon/other/official-artwork/225.png,https://archives.bulbagarden.net/media/upload/b/bc/0225Delibird.png
226,Mantax,Mantine,Wasser,Flug,Johto,II,1,,mantyke,85,40,70,80,140,70,https://raw.githubusercontent.com/PokeAPI/sprites/master/sprites/pokemon/other/official-artwork/226.png,https://archives.bulbagarden.net/media/upload/4/49/0226Mantine.png
227,Panzaeron,Skarmory,Stahl,Flug,Johto,II,0,,,65,80,140,40,70,70,https://raw.githubusercontent.com/PokeAPI/sprites/master/sprites/pokemon/other/official-artwork/227.png,https://archives.bulbagarden.net/media/upload/a/a9/0227Skarmory.png
228,Hunduster,Houndour,Unlicht,Feuer,Johto,II,0,,,45,60,30,80,50,65,https://raw.githubusercontent.com/PokeAPI/sprites/master/sprites/pokemon/other/official-artwork/228.png,https://archives.bulbagarden.net/media/upload/f/f8/0228Houndour.png
229,Hundemon,Houndoom,Unlicht,Feuer,Johto,II,1,,houndour,75,90,50,110,80,95,https://raw.githubusercontent.com/PokeAPI/sprites/master/sprites/pokemon/other/official-artwork/229.png,https://archives.bulbagarden.net/media/upload/0/05/0229Houndoom.png
230,Seedraking,Kingdra,Wasser,Drache,Johto,II,2,,seadra,75,95,95,95,95,85,https://raw.githubusercontent.com/PokeAPI/sprites/master/sprites/pokemon/other/official-artwork/230.png,https://archives.bulbagarden.net/media/upload/b/b6/0230Kingdra.png
231,Phanpy,Phanpy,Boden,,Johto,II,0,,,90,60,60,40,40,40,https://raw.githubusercontent.com/PokeAPI/sprites/master/sprites/pokemon/other/official-artwork/231.png,https://archives.bulbagarden.net/media/upload/1/1e/0231Phanpy.png
232,Donphan,Donphan,Boden,,Johto,II,1,,phanpy,90,120,120,60,60,50,https://raw.githubusercontent.com/PokeAPI/sprites/master/sprites/pokemon/other/official-artwork/232.png,https://archives.bulbagarden.net/media/upload/4/44/0232Donphan.png
233,Porygon2,Porygon2,Normal,,Johto,II,1,,porygon,85,80,90,105,95,60,https://raw.githubusercontent.com/PokeAPI/sprites/master/sprites/pokemon/other/official-artwork/233.png,https://archives.bulbagarden.net/media/upload/b/b8/0233Porygon2.png
234,Damhirplex,Stantler,Normal,,Johto,II,0,,,73,95,62,85,65,85,https://raw.githubusercontent.com/PokeAPI/sprites/master/sprites/pokemon/other/official-artwork/234.png,https://archives.bulbagarden.net/media/upload/c/c4/0234Stantler.png
235,Farbeagle,Smeargle,Normal,,Johto,II,0,,,55,20,35,20,45,75,https://raw.githubusercontent.com/PokeAPI/sprites/master/sprites/pokemon/other/official-artwork/235.png,https://archives.bulbagarden.net/media/upload/7/72/0235Smeargle.png
236,Rabauz,Tyrogue,Kampf,,Johto,II,0,,,35,35,35,35,35,35,https://raw.githubusercontent.com/PokeAPI/sprites/master/sprites/pokemon/other/official-artwork/236.png,https://archives.bulbagarden.net/media/upload/e/e5/0236Tyrogue.png
237,Kapoera,Hitmontop,Kampf,,Johto,II,1,,tyrogue,50,95,95,35,110,70,https://raw.githubusercontent.com/PokeAPI/sprites/master/sprites/pokemon/other/official-artwork/237.png,https://archives.bulbagarden.net/media/upload/1/13/0237Hitmontop.png
238,Kussilla,Smoochum,Eis,Psycho,Johto,II,0,,,45,30,15,85,65,65,https://raw.githubusercontent.com/PokeAPI/sprites/master/sprites/pokemon/other/official-artwork/238.png,https://archives.bulbagarden.net/media/upload/c/c9/0238Smoochum.png
239,Elekid,Elekid,Elektro,,Johto,II,0,,,45,63,37,65,55,95,https://raw.githubusercontent.com/PokeAPI/sprites/master/sprites/pokemon/other/official-artwork/239.png,https://archives.bulbagarden.net/media/upload/9/93/0239Elekid.png
240,Magby,Magby,Feuer,,Johto,II,0,,,45,75,37,70,55,83,https://raw.githubusercontent.com/PokeAPI/sprites/master/sprites/pokemon/other/official-artwork/240.png,https://archives.bulbagarden.net/media/upload/0/00/0240Magby.png
241,Miltank,Miltank,Normal,,Johto,II,0,,,95,80,105,40,70,100,https://raw.githubusercontent.com/PokeAPI/sprites/master/sprites/pokemon/other/official-artwork/241.png,https://archives.bulbagarden.net/media/upload/d/d5/0241Miltank.png
242,Heiteira,Blissey,Normal,,Johto,II,2,,chansey,255,10,10,75,135,55,https://raw.githubusercontent.com/PokeAPI/sprites/master/sprites/pokemon/other/official-artwork/242.png,https://archives.bulbagarden.net/media/upload/5/54/0242Blissey.png
243,Raikou,Raikou,Elektro,,Johto,II,0,,,90,85,75,115,100,115,https://raw.githubusercontent.com/PokeAPI/sprites/master/sprites/pokemon/other/official-artwork/243.png,https://archives.bulbagarden.net/media/upload/4/48/0243Raikou.png
244,Entei,Entei,Feuer,,Johto,II,0,,,115,115,85,90,75,100,https://raw.githubusercontent.com/PokeAPI/sprites/master/sprites/pokemon/other/official-artwork/244.png,https://archives.bulbagarden.net/media/upload/2/2b/0244Entei.png
245,Suicune,Suicune,Wasser,,Johto,II,0,,,100,75,115,90,115,85,https://raw.githubusercontent.com/PokeAPI/sprites/master/sprites/pokemon/other/official-artwork/245.png,https://archives.bulbagarden.net/media/upload/d/dc/0245Suicune.png
246,Larvitar,Larvitar,Gestein,Boden,Johto,II,0,,,50,64,50,45,50,41,https://raw.githubusercontent.com/PokeAPI/sprites/master/sprites/pokemon/other/official-artwork/246.png,https://archives.bulbagarden.net/media/upload/9/95/0246Larvitar.png
247,Pupitar,Pupitar,Gestein,Boden,Johto,II,1,,larvitar,70,84,70,65,70,51,https://raw.githubusercontent.com/PokeAPI/sprites/master/sprites/pokemon/other/official-artwork/247.png,https://archives.bulbagarden.net/media/upload/8/88/0247Pupitar.png
248,Despotar,Tyranitar,Gestein,Unlicht,Johto,II,2,,pupitar,100,134,110,95,100,61,https://raw.githubusercontent.com/PokeAPI/sprites/master/sprites/pokemon/other/official-artwork/248.png,https://archives.bulbagarden.net/media/upload/0/09/0248Tyranitar.png
249,Lugia,Lugia,Psycho,Flug,Johto,II,0,,,106,90,130,90,154,110,https://raw.githubusercontent.com/PokeAPI/sprites/master/sprites/pokemon/other/official-artwork/249.png,https://archives.bulbagarden.net/media/upload/e/e2/0249Lugia.png
250,Ho-Oh,Ho-Oh,Feuer,Flug,Johto,II,0,,,106,130,90,110,154,90,https://raw.githubusercontent.com/PokeAPI/sprites/master/sprites/pokemon/other/official-artwork/250.png,
251,Celebi,Celebi,Psycho,Pflanze,Johto,II,0,,,100,100,100,100,100,100,https://raw.githubusercontent.com/PokeAPI/sprites/master/sprites/pokemon/other/official-artwork/251.png,https://archives.bulbagarden.net/media/upload/3/3f/0251Celebi.png
252,Geckarbor,Treecko,Pflanze,,Hoenn,III,0,,,40,45,35,65,55,70,https://raw.githubusercontent.com/PokeAPI/sprites/master/sprites/pokemon/other/official-artwork/252.png,https://archives.bulbagarden.net/media/upload/9/90/0252Treecko.png
253,Reptain,Grovyle,Pflanze,,Hoenn,III,1,,treecko,50,65,45,85,65,95,https://raw.githubusercontent.com/PokeAPI/sprites/master/sprites/pokemon/other/official-artwork/253.png,https://archives.bulbagarden.net/media/upload/b/bb/0253Grovyle.png
254,Gewaldro,Sceptile,Pflanze,,Hoenn,III,2,,grovyle,70,85,65,105,85,120,https://raw.githubusercontent.com/PokeAPI/sprites/master/sprites/pokemon/other/official-artwork/254.png,https://archives.bulbagarden.net/media/upload/5/5c/0254Sceptile.png
255,Flemmli,Torchic,Feuer,,Hoenn,III,0,,,45,60,40,70,50,45,https://raw.githubusercontent.com/PokeAPI/sprites/master/sprites/pokemon/other/official-artwork/255.png,https://archives.bulbagarden.net/media/upload/7/7d/0255Torchic.png
256,Jungglut,Combusken,Feuer,Kampf,Hoenn,III,1,,torchic,60,85,60,85,60,55,https://raw.githubusercontent.com/PokeAPI/sprites/master/sprites/pokemon/other/official-artwork/256.png,https://archives.bulbagarden.net/media/upload/7/78/0256Combusken.png
257,Lohgock,Blaziken,Feuer,Kampf,Hoenn,III,2,,combusken,80,120,70,110,70,80,https://raw.githubusercontent.com/PokeAPI/sprites/master/sprites/pokemon/other/official-artwork/257.png,https://archives.bulbagarden.net/media/upload/c/c0/0257Blaziken.png
258,Hydropi,Mudkip,Wasser,,Hoenn,III,0,,,50,70,50,50,50,40,https://raw.githubusercontent.com/PokeAPI/sprites/master/sprites/pokemon/other/official-artwork/258.png,https://archives.bulbagarden.net/media/upload/2/26/0258Mudkip.png
259,Moorabbel,Marshtomp,Wasser,Boden,Hoenn,III,1,,mudkip,70,85,70,60,70,50,https://raw.githubusercontent.com/PokeAPI/sprites/master/sprites/pokemon/other/official-artwork/259.png,https://archives.bulbagarden.net/media/upload/e/eb/0259Marshtomp.png
260,Sumpex,Swampert,Wasser,Boden,Hoenn,III,2,,marshtomp,100,110,90,85,90,60,https://raw.githubusercontent.com/PokeAPI/sprites/master/sprites/pokemon/other/official-artwork/260.png,https://archives.bulbagarden.net/media/upload/3/34/0260Swampert.png
261,Fiffyen,Poochyena,Unlicht,,Hoenn,III,0,,,35,55,35,30,30,35,https://raw.githubusercontent.com/PokeAPI/sprites/master/sprites/pokemon/other/official-artwork/261.png,https://archives.bulbagarden.net/media/upload/2/21/0261Poochyena.png
262,Magnayen,Mightyena,Unlicht,,Hoenn,III,1,,poochyena,70,90,70,60,60,70,https://raw.githubusercontent.com/PokeAPI/sprites/master/sprites/pokemon/other/official-artwork/262.png,https://archives.bulbagarden.net/media/upload/2/22/0262Mightyena.png
263,Zigzachs,Zigzagoon,Normal,,Hoenn,III,0,,,38,30,41,30,41,60,https://raw.githubusercontent.com/PokeAPI/sprites/master/sprites/pokemon/other/official-artwork/263.png,https://archives.bulbagarden.net/media/upload/5/55/0263Zigzagoon.png
264,Geradaks,Linoone,Normal,,Hoenn,III,1,,zigzagoon,78,70,61,50,61,100,https://raw.githubusercontent.com/PokeAPI/sprites/master/sprites/pokemon/other/official-artwork/264.png,https://archives.bulbagarden.net/media/upload/b/bb/0264Linoone.png
265,Waumpel,Wurmple,Käfer,,Hoenn,III,0,,,45,45,35,20,30,20,https://raw.githubusercontent.com/PokeAPI/sprites/master/sprites/pokemon/other/official-artwork/265.png,https://archives.bulbagarden.net/media/upload/3/34/0265Wurmple.png
266,Schaloko,Silcoon,Käfer,,Hoenn,III,1,,wurmple,50,35,55,25,25,15,https://raw.githubusercontent.com/PokeAPI/sprites/master/sprites/pokemon/other/official-artwork/266.png,https://archives.bulbagarden.net/media/upload/9/9d/0266Silcoon.png
267,Papinella,Beautifly,Käfer,Flug,Hoenn,III,2,,silcoon,60,70,50,100,50,65,https://raw.githubusercontent.com/PokeAPI/sprites/master/sprites/pokemon/other/official-artwork/267.png,https://archives.bulbagarden.net/media/upload/7/73/0267Beautifly.png
268,Panekon,Cascoon,Käfer,,Hoenn,III,1,,wurmple,50,35,55,25,25,15,https://raw.githubusercontent.com/PokeAPI/sprites/master/sprites/pokemon/other/official-artwork/268.png,https://archives.bulbagarden.net/media/upload/c/c6/0268Cascoon.png
269,Pudox,Dustox,Käfer,Gift,Hoenn,III,2,,cascoon,60,50,70,50,90,65,https://raw.githubusercontent.com/PokeAPI/sprites/master/sprites/pokemon/other/official-artwork/269.png,https://archives.bulbagarden.net/media/upload/4/49/0269Dustox.png
270,Loturzel,Lotad,Wasser,Pflanze,Hoenn,III,0,,,40,30,30,40,50,30,https://raw.githubusercontent.com/PokeAPI/sprites/master/sprites/pokemon/other/official-artwork/270.png,https://archives.bulbagarden.net/media/upload/5/5f/0270Lotad.png
271,Lombrero,Lombre,Wasser,Pflanze,Hoenn,III,1,,lotad,60,50,50,60,70,50,https://raw.githubusercontent.com/PokeAPI/sprites/master/sprites/pokemon/other/official-artwork/271.png,https://archives.bulbagarden.net/media/upload/a/a8/0271Lombre.png
272,Kappalores,Ludicolo,Wasser,Pflanze,Hoenn,III,2,,lombre,80,70,70,90,100,70,https://raw.githubusercontent.com/PokeAPI/sprites/master/sprites/pokemon/other/official-artwork/272.png,https://archives.bulbagarden.net/media/upload/6/63/0272Ludicolo.png
273,Samurzel,Seedot,Pflanze,,Hoenn,III,0,,,40,40,50,30,30,30,https://raw.githubusercontent.com/PokeAPI/sprites/master/sprites/pokemon/other/official-artwork/273.png,https://archives.bulbagarden.net/media/upload/1/13/0273Seedot.png
274,Blanas,Nuzleaf,Pflanze,Unlicht,Hoenn,III,1,,seedot,70,70,40,60,40,60,https://raw.githubusercontent.com/PokeAPI/sprites/master/sprites/pokemon/other/official-artwork/274.png,https://archives.bulbagarden.net/media/upload/a/a3/0274Nuzleaf.png
275,Tengulist,Shiftry,Pflanze,Unlicht,Hoenn,III,2,,nuzleaf,90,100,60,90,60,80,https://raw.githubusercontent.com/PokeAPI/sprites/master/sprites/pokemon/other/official-artwork/275.png,https://archives.bulbagarden.net/media/upload/4/43/0275Shiftry.png
276,Schwalbini,Taillow,Normal,Flug,Hoenn,III,0,,,40,55,30,30,30,85,https://raw.githubusercontent.com/PokeAPI/sprites/master/sprites/pokemon/other/official-artwork/276.png,https://archives.bulbagarden.net/media/upload/a/aa/0276Taillow.png
277,Schwalboss,Swellow,Normal,Flug,Hoenn,III,1,,taillow,60,85,60,75,50,125,https://raw.githubusercontent.com/PokeAPI/sprites/master/sprites/pokemon/other/official-artwork/277.png,https://archives.bulbagarden.net/media/upload/5/55/0277Swellow.png
278,Wingull,Wingull,Wasser,Flug,Hoenn,III,0,,,40,30,30,55,30,85,https://raw.githubusercontent.com/PokeAPI/sprites/master/sprites/pokemon/other/official-artwork/278.png,https://archives.bulbagarden.net/media/upload/4/4c/0278Wingull.png
279,Pelipper,Pelipper,Wasser,Flug,Hoenn,III,1,,wingull,60,50,100,95,70,65,https://raw.githubusercontent.com/PokeAPI/sprites/master/sprites/pokemon/other/official-artwork/279.png,https://archives.bulbagarden.net/media/upload/a/af/0279Pelipper.png
280,Trasla,Ralts,Psycho,Fee,Hoenn,III,0,,,28,25,25,45,35,40,https://raw.githubusercontent.com/PokeAPI/sprites/master/sprites/pokemon/other/official-artwork/280.png,https://archives.bulbagarden.net/media/upload/5/5c/0280Ralts.png
281,Kirlia,Kirlia,Psycho,Fee,Hoenn,III,1,,ralts,38,35,35,65,55,50,https://raw.githubusercontent.com/PokeAPI/sprites/master/sprites/pokemon/other/official-artwork/281.png,https://archives.bulbagarden.net/media/upload/6/64/0281Kirlia.png
282,Guardevoir,Gardevoir,Psycho,Fee,Hoenn,III,2,,kirlia,68,65,65,125,115,80,https://raw.githubusercontent.com/PokeAPI/sprites/master/sprites/pokemon/other/official-artwork/282.png,https://archives.bulbagarden.net/media/upload/f/f8/0282Gardevoir.png
283,Gehweiher,Surskit,Käfer,Wasser,Hoenn,III,0,,,40,30,32,50,52,65,https://raw.githubusercontent.com/PokeAPI/sprites/master/sprites/pokemon/other/official-artwork/283.png,https://archives.bulbagarden.net/media/upload/c/c4/0283Surskit.png
284,Maskeregen,Masquerain,Käfer,Flug,Hoenn,III,1,,surskit,70,60,62,100,82,80,https://raw.githubusercontent.com/PokeAPI/sprites/master/sprites/pokemon/other/official-artwork/284.png,https://archives.bulbagarden.net/media/upload/6/68/0284Masquerain.png
285,Knilz,Shroomish,Pflanze,,Hoenn,III,0,,,60,40,60,40,60,35,https://raw.githubusercontent.com/PokeAPI/sprites/master/sprites/pokemon/other/official-artwork/285.png,https://archives.bulbagarden.net/media/upload/2/22/0285Shroomish.png
286,Kapilz,Breloom,Pflanze,Kampf,Hoenn,III,1,,shroomish,60,130,80,60,60,70,https://raw.githubusercontent.com/PokeAPI/sprites/master/sprites/pokemon/other/official-artwork/286.png,https://archives.bulbagarden.net/media/upload/e/ee/0286Breloom.png
287,Bummelz,Slakoth,Normal,,Hoenn,III,0,,,60,60,60,35,35,30,https://raw.githubusercontent.com/PokeAPI/sprites/master/sprites/pokemon/other/official-artwork/287.png,https://archives.bulbagarden.net/media/upload/6/61/0287Slakoth.png
288,Muntier,Vigoroth,Normal,,Hoenn,III,1,,slakoth,80,80,80,55,55,90,https://raw.githubusercontent.com/PokeAPI/sprites/master/sprites/pokemon/other/official-artwork/288.png,https://archives.bulbagarden.net/media/upload/7/76/0288Vigoroth.png
289,Letarking,Slaking,Normal,,Hoenn,III,2,,vigoroth,150,160,100,95,65,100,https://raw.githubusercontent.com/PokeAPI/sprites/master/sprites/pokemon/other/official-artwork/289.png,https://archives.bulbagarden.net/media/upload/d/d9/0289Slaking.png
290,Nincada,Nincada,Käfer,Boden,Hoenn,III,0,,,31,45,90,30,30,40,https://raw.githubusercontent.com/PokeAPI/sprites/master/sprites/pokemon/other/official-artwork/290.png,https://archives.bulbagarden.net/media/upload/5/5f/0290Nincada.png
291,Ninjask,Ninjask,Käfer,Flug,Hoenn,III,1,,nincada,61,90,45,50,50,160,https://raw.githubusercontent.com/PokeAPI/sprites/master/sprites/pokemon/other/official-artwork/291.png,https://archives.bulbagarden.net/media/upload/5/5c/0291Ninjask.png
292,Ninjatom,Shedinja,Käfer,Geist,Hoenn,III,1,,nincada,1,90,45,30,30,40,https://raw.githubusercontent.com/PokeAPI/sprites/master/sprites/pokemon/other/official-artwork/292.png,https://archives.bulbagarden.net/media/upload/a/ad/0292Shedinja.png
293,Flurmel,Whismur,Normal,,Hoenn,III,0,,,64,51,23,51,23,28,https://raw.githubusercontent.com/PokeAPI/sprites/master/sprites/pokemon/other/official-artwork/293.png,https://archives.bulbagarden.net/media/upload/b/b7/0293Whismur.png
294,Krakeelo,Loudred,Normal,,Hoenn,III,1,,whismur,84,71,43,71,43,48,https://raw.githubusercontent.com/PokeAPI/sprites/master/sprites/pokemon/other/official-artwork/294.png,https://archives.bulbagarden.net/media/upload/b/b2/0294Loudred.png
295,Krawumms,Exploud,Normal,,Hoenn,III,2,,loudred,104,91,63,91,73,68,https://raw.githubusercontent.com/PokeAPI/sprites/master/sprites/pokemon/other/official-artwork/295.png,https://archives.bulbagarden.net/media/upload/a/a2/0295Exploud.png
296,Makuhita,Makuhita,Kampf,,Hoenn,III,0,,,72,60,30,20,30,25,https://raw.githubusercontent.com/PokeAPI/sprites/master/sprites/pokemon/other/official-artwork/296.png,https://archives.bulbagarden.net/media/upload/e/ea/0296Makuhita.png
297,Hariyama,Hariyama,Kampf,,Hoenn,III,1,,makuhita,144,120,60,40,60,50,https://raw.githubusercontent.com/PokeAPI/sprites/master/sprites/pokemon/other/official-artwork/297.png,https://archives.bulbagarden.net/media/upload/0/08/0297Hariyama.png
298,Azurill,Azurill,Normal,Fee,Hoenn,III,0,,,50,20,40,20,40,20,https://raw.githubusercontent.com/PokeAPI/sprites/master/sprites/pokemon/other/official-artwork/298.png,https://archives.bulbagarden.net/media/upload/7/75/0298Azurill.png
299,Nasgnet,Nosepass,Gestein,,Hoenn,III,0,,,30,45,135,45,90,30,https://raw.githubusercontent.com/PokeAPI/sprites/master/sprites/pokemon/other/official-artwork/299.png,https://archives.bulbagarden.net/media/upload/6/6c/0299Nosepass.png
300,Eneco,Skitty,Normal,,Hoenn,III,0,,,50,45,45,35,35,50,https://raw.githubusercontent.com/PokeAPI/sprites/master/sprites/pokemon/other/official-artwork/300.png,https://archives.bulbagarden.net/media/upload/7/75/0300Skitty.png
301,Enekoro,Delcatty,Normal,,Hoenn,III,1,,skitty,70,65,65,55,55,90,https://raw.githubusercontent.com/PokeAPI/sprites/master/sprites/pokemon/other/official-artwork/301.png,https://archives.bulbagarden.net/media/upload/d/d4/0301Delcatty.png
302,Zobiris,Sableye,Unlicht,Geist,Hoenn,III,0,,,50,75,75,65,65,50,https://raw.githubusercontent.com/PokeAPI/sprites/master/sprites/pokemon/other/official-artwork/302.png,https://archives.bulbagarden.net/media/upload/9/98/0302Sableye.png
303,Flunkifer,Mawile,Stahl,Fee,Hoenn,III,0,,,50,85,85,55,55,50,https://raw.githubusercontent.com/PokeAPI/sprites/master/sprites/pokemon/other/official-artwork/303.png,https://archives.bulbagarden.net/media/upload/7/77/0303Mawile.png
304,Stollunior,Aron,Stahl,Gestein,Hoenn,III,0,,,50,70,100,40,40,30,https://raw.githubusercontent.com/PokeAPI/sprites/master/sprites/pokemon/other/official-artwork/304.png,https://archives.bulbagarden.net/media/upload/3/38/0304Aron.png
305,Stollrak,Lairon,Stahl,Gestein,Hoenn,III,1,,aron,60,90,140,50,50,40,https://raw.githubusercontent.com/PokeAPI/sprites/master/sprites/pokemon/other/official-artwork/305.png,https://archives.bulbagarden.net/media/upload/2/20/0305Lairon.png
306,Stolloss,Aggron,Stahl,Gestein,Hoenn,III,2,,lairon,70,110,180,60,60,50,https://raw.githubusercontent.com/PokeAPI/sprites/master/sprites/pokemon/other/official-artwork/306.png,https://archives.bulbagarden.net/media/upload/1/1e/0306Aggron.png
307,Meditie,Meditite,Kampf,Psycho,Hoenn,III,0,,,30,40,55,40,55,60,https://raw.githubusercontent.com/PokeAPI/sprites/master/sprites/pokemon/other/official-artwork/307.png,https://archives.bulbagarden.net/media/upload/6/6e/0307Meditite.png
308,Meditalis,Medicham,Kampf,Psycho,Hoenn,III,1,,meditite,60,60,75,60,75,80,https://raw.githubusercontent.com/PokeAPI/sprites/master/sprites/pokemon/other/official-artwork/308.png,https://archives.bulbagarden.net/media/upload/a/a6/0308Medicham.png
309,Frizelbliz,Electrike,Elektro,,Hoenn,III,0,,,40,45,40,65,40,65,https://raw.githubusercontent.com/PokeAPI/sprites/master/sprites/pokemon/other/official-artwork/309.png,https://archives.bulbagarden.net/media/upload/4/40/0309Electrike.png
310,Voltenso,Manectric,Elektro,,Hoenn,III,1,,electrike,70,75,60,105,60,105,https://raw.githubusercontent.com/PokeAPI/sprites/master/sprites/pokemon/other/official-artwork/310.png,https://archives.bulbagarden.net/media/upload/a/a0/0310Manectric.png
311,Plusle,Plusle,Elektro,,Hoenn,III,0,,,60,50,40,85,75,95,https://raw.githubusercontent.com/PokeAPI/sprites/master/sprites/pokemon/other/official-artwork/311.png,https://archives.bulbagarden.net/media/upload/3/3b/0311Plusle.png
312,Minun,Minun,Elektro,,Hoenn,III,0,,,60,40,50,75,85,95,https://raw.githubusercontent.com/PokeAPI/sprites/master/sprites/pokemon/other/official-artwork/312.png,https://archives.bulbagarden.net/media/upload/a/a9/0312Minun.png
313,Volbeat,Volbeat,Käfer,,Hoenn,III,0,,,65,73,75,47,85,85,https://raw.githubusercontent.com/PokeAPI/sprites/master/sprites/pokemon/other/official-artwork/313.png,https://archives.bulbagarden.net/media/upload/6/67/0313Volbeat.png
314,Illumise,Illumise,Käfer,,Hoenn,III,0,,,65,47,75,73,85,85,https://raw.githubusercontent.com/PokeAPI/sprites/master/sprites/pokemon/other/official-artwork/314.png,https://archives.bulbagarden.net/media/upload/6/6f/0314Illumise.png
315,Roselia,Roselia,Pflanze,Gift,Hoenn,III,1,,budew,50,60,45,100,80,65,https://raw.githubusercontent.com/PokeAPI/sprites/master/sprites/pokemon/other/official-artwork/315.png,https://archives.bulbagarden.net/media/upload/c/cf/0315Roselia.png
316,Schluppuck,Gulpin,Gift,,Hoenn,III,0,,,70,43,53,43,53,40,https://raw.githubusercontent.com/PokeAPI/sprites/master/sprites/pokemon/other/official-artwork/316.png,https://archives.bulbagarden.net/media/upload/5/5c/0316Gulpin.png
317,Schlukwech,Swalot,Gift,,Hoenn,III,1,,gulpin,100,73,83,73,83,55,https://raw.githubusercontent.com/PokeAPI/sprites/master/sprites/pokemon/other/official-artwork/317.png,https://archives.bulbagarden.net/media/upload/7/79/0317Swalot.png
318,Kanivanha,Carvanha,Wasser,Unlicht,Hoenn,III,0,,,45,90,20,65,20,65,https://raw.githubusercontent.com/PokeAPI/sprites/master/sprites/pokemon/other/official-artwork/318.png,https://archives.bulbagarden.net/media/upload/e/e1/0318Carvanha.png
319,Tohaido,Sharpedo,Wasser,Unlicht,Hoenn,III,1,,carvanha,70,120,40,95,40,95,https://raw.githubusercontent.com/PokeAPI/sprites/master/sprites/pokemon/other/official-artwork/319.png,https://archives.bulbagarden.net/media/upload/a/a8/0319Sharpedo.png
320,Wailmer,Wailmer,Wasser,,Hoenn,III,0,,,130,70,35,70,35,60,https://raw.githubusercontent.com/PokeAPI/sprites/master/sprites/pokemon/other/official-artwork/320.png,https://archives.bulbagarden.net/media/upload/0/0c/0320Wailmer.png
321,Wailord,Wailord,Wasser,,Hoenn,III,1,,wailmer,170,90,45,90,45,60,https://raw.githubusercontent.com/PokeAPI/sprites/master/sprites/pokemon/other/official-artwork/321.png,https://archives.bulbagarden.net/media/upload/4/42/0321Wailord.png
322,Camaub,Numel,Feuer,Boden,Hoenn,III,0,,,60,60,40,65,45,35,https://raw.githubusercontent.com/PokeAPI/sprites/master/sprites/pokemon/other/official-artwork/322.png,https://archives.bulbagarden.net/media/upload/d/da/0322Numel.png
323,Camerupt,Camerupt,Feuer,Boden,Hoenn,III,1,,numel,70,100,70,105,75,40,https://raw.githubusercontent.com/PokeAPI/sprites/master/sprites/pokemon/other/official-artwork/323.png,https://archives.bulbagarden.net/media/upload/5/5d/0323Camerupt.png
324,Qurtel,Torkoal,Feuer,,Hoenn,III,0,,,70,85,140,85,70,20,https://raw.githubusercontent.com/PokeAPI/sprites/master/sprites/pokemon/other/official-artwork/324.png,https://archives.bulbagarden.net/media/upload/8/82/0324Torkoal.png
325,Spoink,Spoink,Psycho,,Hoenn,III,0,,,60,25,35,70,80,60,https://raw.githubusercontent.com/PokeAPI/sprites/master/sprites/pokemon/other/official-artwork/325.png,https://archives.bulbagarden.net/media/upload/2/2e/0325Spoink.png
326,Groink,Grumpig,Psycho,,Hoenn,III,1,,spoink,80,45,65,90,110,80,https://raw.githubusercontent.com/PokeAPI/sprites/master/sprites/pokemon/other/official-artwork/326.png,https://archives.bulbagarden.net/media/upload/e/e5/0326Grumpig.png
327,Pandir,Spinda,Normal,,Hoenn,III,0,,,60,60,60,60,60,60,https://raw.githubusercontent.com/PokeAPI/sprites/master/sprites/pokemon/other/official-artwork/327.png,https://archives.bulbagarden.net/media/upload/8/89/0327Spinda.png
328,Knacklion,Trapinch,Boden,,Hoenn,III,0,,,45,100,45,45,45,10,https://raw.githubusercontent.com/PokeAPI/sprites/master/sprites/pokemon/other/official-artwork/328.png,https://archives.bulbagarden.net/media/upload/a/ac/0328Trapinch.png
329,Vibrava,Vibrava,Boden,Drache,Hoenn,III,1,,trapinch,50,70,50,50,50,70,https://raw.githubusercontent.com/PokeAPI/sprites/master/sprites/pokemon/other/official-artwork/329.png,https://archives.bulbagarden.net/media/upload/4/4b/0329Vibrava.png
330,Libelldra,Flygon,Boden,Drache,Hoenn,III,2,,vibrava,80,100,80,80,80,100,https://raw.githubusercontent.com/PokeAPI/sprites/master/sprites/pokemon/other/official-artwork/330.png,https://archives.bulbagarden.net/media/upload/4/4a/0330Flygon.png
331,Tuska,Cacnea,Pflanze,,Hoenn,III,0,,,50,85,40,85,40,35,https://raw.githubusercontent.com/PokeAPI/sprites/master/sprites/pokemon/other/official-artwork/331.png,https://archives.bulbagarden.net/media/upload/1/1f/0331Cacnea.png
332,Noktuska,Cacturne,Pflanze,Unlicht,Hoenn,III,1,,cacnea,70,115,60,115,60,55,https://raw.githubusercontent.com/PokeAPI/sprites/master/sprites/pokemon/other/official-artwork/332.png,https://archives.bulbagarden.net/media/upload/8/89/0332Cacturne.png
333,Wablu,Swablu,Normal,Flug,Hoenn,III,0,,,45,40,60,40,75,50,https://raw.githubusercontent.com/PokeAPI/sprites/master/sprites/pokemon/other/official-artwork/333.png,https://archives.bulbagarden.net/media/upload/c/cd/0333Swablu.png
334,Altaria,Altaria,Drache,Flug,Hoenn,III,1,,swablu,75,70,90,70,105,80,https://raw.githubusercontent.com/PokeAPI/sprites/master/sprites/pokemon/other/official-artwork/334.png,https://archives.bulbagarden.net/media/upload/b/b2/0334Altaria.png
335,Sengo,Zangoose,Normal,,Hoenn,III,0,,,73,115,60,60,60,90,https://raw.githubusercontent.com/PokeAPI/sprites/master/sprites/pokemon/other/official-artwork/335.png,https://archives.bulbagarden.net/media/upload/9/93/0335Zangoose.png
336,Vipitis,Seviper,Gift,,Hoenn,III,0,,,73,100,60,100,60,65,https://raw.githubusercontent.com/PokeAPI/sprites/master/sprites/pokemon/other/official-artwork/336.png,https://archives.bulbagarden.net/media/upload/a/ae/0336Seviper.png
337,Lunastein,Lunatone,Gestein,Psycho,Hoenn,III,0,,,90,55,65,95,85,70,https://raw.githubusercontent.com/PokeAPI/sprites/master/sprites/pokemon/other/official-artwork/337.png,https://archives.bulbagarden.net/media/upload/a/ac/0337Lunatone.png
338,Sonnfel,Solrock,Gestein,Psycho,Hoenn,III,0,,,90,95,85,55,65,70,https://raw.githubusercontent.com/PokeAPI/sprites/master/sprites/pokemon/other/official-artwork/338.png,https://archives.bulbagarden.net/media/upload/1/13/0338Solrock.png
339,Schmerbe,Barboach,Wasser,Boden,Hoenn,III,0,,,50,48,43,46,41,60,https://raw.githubusercontent.com/PokeAPI/sprites/master/sprites/pokemon/other/official-artwork/339.png,https://archives.bulbagarden.net/media/upload/6/6f/0339Barboach.png
340,Welsar,Whiscash,Wasser,Boden,Hoenn,III,1,,barboach,110,78,73,76,71,60,https://raw.githubusercontent.com/PokeAPI/sprites/master/sprites/pokemon/other/official-artwork/340.png,https://archives.bulbagarden.net/media/upload/b/b0/0340Whiscash.png
341,Krebscorps,Corphish,Wasser,,Hoenn,III,0,,,43,80,65,50,35,35,https://raw.githubusercontent.com/PokeAPI/sprites/master/sprites/pokemon/other/official-artwork/341.png,https://archives.bulbagarden.net/media/upload/9/93/0341Corphish.png
342,Krebutack,Crawdaunt,Wasser,Unlicht,Hoenn,III,1,,corphish,63,120,85,90,55,55,https://raw.githubusercontent.com/PokeAPI/sprites/master/sprites/pokemon/other/official-artwork/342.png,https://archives.bulbagarden.net/media/upload/4/48/0342Crawdaunt.png
343,Puppance,Baltoy,Boden,Psycho,Hoenn,III,0,,,40,40,55,40,70,55,https://raw.githubusercontent.com/PokeAPI/sprites/master/sprites/pokemon/other/official-artwork/343.png,https://archives.bulbagarden.net/media/upload/6/62/0343Baltoy.png
344,Lepumentas,Claydol,Boden,Psycho,Hoenn,III,1,,baltoy,60,70,105,70,120,75,https://raw.githubusercontent.com/PokeAPI/sprites/master/sprites/pokemon/other/official-artwork/344.png,https://archives.bulbagarden.net/media/upload/3/39/0344Claydol.png
345,Liliep,Lileep,Gestein,Pflanze,Hoenn,III,0,,,66,41,77,61,87,23,https://raw.githubusercontent.com/PokeAPI/sprites/master/sprites/pokemon/other/official-artwork/345.png,https://archives.bulbagarden.net/media/upload/0/06/0345Lileep.png
346,Wielie,Cradily,Gestein,Pflanze,Hoenn,III,1,,lileep,86,81,97,81,107,43,https://raw.githubusercontent.com/PokeAPI/sprites/master/sprites/pokemon/other/official-artwork/346.png,https://archives.bulbagarden.net/media/upload/e/ee/0346Cradily.png
347,Anorith,Anorith,Gestein,Käfer,Hoenn,III,0,,,45,95,50,40,50,75,https://raw.githubusercontent.com/PokeAPI/sprites/master/sprites/pokemon/other/official-artwork/347.png,https://archives.bulbagarden.net/media/upload/c/c8/0347Anorith.png
348,Armaldo,Armaldo,Gestein,Käfer,Hoenn,III,1,,anorith,75,125,100,70,80,45,https://raw.githubusercontent.com/PokeAPI/sprites/master/sprites/pokemon/other/official-artwork/348.png,https://archives.bulbagarden.net/media/upload/1/15/0348Armaldo.png
349,Barschwa,Feebas,Wasser,,Hoenn,III,0,,,20,15,20,10,55,80,https://raw.githubusercontent.com/PokeAPI/sprites/master/sprites/pokemon/other/official-artwork/349.png,https://archives.bulbagarden.net/media/upload/a/af/0349Feebas.png
350,Milotic,Milotic,Wasser,,Hoenn,III,1,,feebas,95,60,79,100,125,81,https://raw.githubusercontent.com/PokeAPI/sprites/master/sprites/pokemon/other/official-artwork/350.png,https://archives.bulbagarden.net/media/upload/5/55/0350Milotic.png
351,Formeo,Castform,Normal,,Hoenn,III,0,,,70,70,70,70,70,70,https://raw.githubusercontent.com/PokeAPI/sprites/master/sprites/pokemon/other/official-artwork/351.png,https://archives.bulbagarden.net/media/upload/f/ff/0351Castform.png
352,Kecleon,Kecleon,Normal,,Hoenn,III,0,,,60,90,70,60,120,40,https://raw.githubusercontent.com/PokeAPI/sprites/master/sprites/pokemon/other/official-artwork/352.png,https://archives.bulbagarden.net/media/upload/b/b6/0352Kecleon.png
353,Shuppet,Shuppet,Geist,,Hoenn,III,0,,,44,75,35,63,33,45,https://raw.githubusercontent.com/PokeAPI/sprites/master/sprites/pokemon/other/official-artwork/353.png,https://archives.bulbagarden.net/media/upload/5/5d/0353Shuppet.png
354,Banette,Banette,Geist,,Hoenn,III,1,,shuppet,64,115,65,83,63,65,https://raw.githubusercontent.com/PokeAPI/sprites/master/sprites/pokemon/other/official-artwork/354.png,https://archives.bulbagarden.net/media/upload/7/72/0354Banette.png
355,Zwirrlicht,Duskull,Geist,,Hoenn,III,0,,,20,40,90,30,90,25,https://raw.githubusercontent.com/PokeAPI/sprites/master/sprites/pokemon/other/official-artwork/355.png,https://archives.bulbagarden.net/media/upload/f/f6/0355Duskull.png
356,Zwirrklop,Dusclops,Geist,,Hoenn,III,1,,duskull,40,70,130,60,130,25,https://raw.githubusercontent.com/PokeAPI/sprites/master/sprites/pokemon/other/official-artwork/356.png,https://archives.bulbagarden.net/media/upload/0/0e/0356Dusclops.png
357,Tropius,Tropius,Pflanze,Flug,Hoenn,III,0,,,99,68,83,72,87,51,https://raw.githubusercontent.com/PokeAPI/sprites/master/sprites/pokemon/other/official-artwork/357.png,https://archives.bulbagarden.net/media/upload/3/3c/0357Tropius.png
358,Palimpalim,Chimecho,Psycho,,Hoenn,III,1,,chingling,75,50,80,95,90,65,https://raw.githubusercontent.com/PokeAPI/sprites/master/sprites/pokemon/other/official-artwork/358.png,https://archives.bulbagarden.net/media/upload/5/55/0358Chimecho.png
359,Absol,Absol,Unlicht,,Hoenn,III,0,,,65,130,60,75,60,75,https://raw.githubusercontent.com/PokeAPI/sprites/master/sprites/pokemon/other/official-artwork/359.png,https://archives.bulbagarden.net/media/upload/9/9b/0359Absol.png
360,Isso,Wynaut,Psycho,,Hoenn,III,0,,,95,23,48,23,48,23,https://raw.githubusercontent.com/PokeAPI/sprites/master/sprites/pokemon/other/official-artwork/360.png,https://archives.bulbagarden.net/media/upload/b/be/0360Wynaut.png
361,Schneppke,Snorunt,Eis,,Hoenn,III,0,,,50,50,50,50,50,50,https://raw.githubusercontent.com/PokeAPI/sprites/master/sprites/pokemon/other/official-artwork/361.png,https://archives.bulbagarden.net/media/upload/0/0c/0361Snorunt.png
362,Firnontor,Glalie,Eis,,Hoenn,III,1,,snorunt,80,80,80,80,80,80,https://raw.githubusercontent.com/PokeAPI/sprites/master/sprites/pokemon/other/official-artwork/362.png,https://archives.bulbagarden.net/media/upload/8/88/0362Glalie.png
363,Seemops,Spheal,Eis,Wasser,Hoenn,III,0,,,70,40,50,55,50,25,https://raw.githubusercontent.com/PokeAPI/sprites/master/sprites/pokemon/other/official-artwork/363.png,https://archives.bulbagarden.net/media/upload/6/6f/0363Spheal.png
364,Seejong,Sealeo,Eis,Wasser,Hoenn,III,1,,spheal,90,60,70,75,70,45,https://raw.githubusercontent.com/PokeAPI/sprites/master/sprites/pokemon/other/official-artwork/364.png,https://archives.bulbagarden.net/media/upload/3/36/0364Sealeo.png
365,Walraisa,Walrein,Eis,Wasser,Hoenn,III,2,,sealeo,110,80,90,95,90,65,https://raw.githubusercontent.com/PokeAPI/sprites/master/sprites/pokemon/other/official-artwork/365.png,https://archives.bulbagarden.net/media/upload/b/ba/0365Walrein.png
366,Perlu,Clamperl,Wasser,,Hoenn,III,0,,,35,64,85,74,55,32,https://raw.githubusercontent.com/PokeAPI/sprites/master/sprites/pokemon/other/official-artwork/366.png,https://archives.bulbagarden.net/media/upload/a/af/0366Clamperl.png
367,Aalabyss,Huntail,Wasser,,Hoenn,III,1,,clamperl,55,104,105,94,75,52,https://raw.githubusercontent.com/PokeAPI/sprites/master/sprites/pokemon/other/official-artwork/367.png,https://archives.bulbagarden.net/media/upload/a/a8/0367Huntail.png
368,Saganabyss,Gorebyss,Wasser,,Hoenn,III,1,,clamperl,55,84,105,114,75,52,https://raw.githubusercontent.com/PokeAPI/sprites/master/sprites/pokemon/other/official-artwork/368.png,https://archives.bulbagarden.net/media/upload/8/87/0368Gorebyss.png
369,Relicanth,Relicanth,Wasser,Gestein,Hoenn,III,0,,,100,90,130,45,65,55,https://raw.githubusercontent.com/PokeAPI/sprites/master/sprites/pokemon/other/official-artwork/369.png,https://archives.bulbagarden.net/media/upload/e/e8/0369Relicanth.png
370,Liebiskus,Luvdisc,Wasser,,Hoenn,III,0,,,43,30,55,40,65,97,https://raw.githubusercontent.com/PokeAPI/sprites/master/sprites/pokemon/other/official-artwork/370.png,https://archives.bulbagarden.net/media/upload/d/d4/0370Luvdisc.png
371,Kindwurm,Bagon,Drache,,Hoenn,III,0,,,45,75,60,40,30,50,https://raw.githubusercontent.com/PokeAPI/sprites/master/sprites/pokemon/other/official-artwork/371.png,https://archives.bulbagarden.net/media/upload/4/4a/0371Bagon.png
372,Draschel,Shelgon,Drache,,Hoenn,III,1,,bagon,65,95,100,60,50,50,https://raw.githubusercontent.com/PokeAPI/sprites/master/sprites/pokemon/other/official-artwork/372.png,https://archives.bulbagarden.net/media/upload/c/cb/0372Shelgon.png
373,Brutalanda,Salamence,Drache,Flug,Hoenn,III,2,,shelgon,95,135,80,110,80,100,https://raw.githubusercontent.com/PokeAPI/sprites/master/sprites/pokemon/other/official-artwork/373.png,https://archives.bulbagarden.net/media/upload/8/8a/0373Salamence.png
374,Tanhel,Beldum,Stahl,Psycho,Hoenn,III,0,,,40,55,80,35,60,30,https://raw.githubusercontent.com/PokeAPI/sprites/master/sprites/pokemon/other/official-artwork/374.png,https://archives.bulbagarden.net/media/upload/a/aa/0374Beldum.png
375,Metang,Metang,Stahl,Psycho,Hoenn,III,1,,beldum,60,75,100,55,80,50,https://raw.githubusercontent.com/PokeAPI/sprites/master/sprites/pokemon/other/official-artwork/375.png,https://archives.bulbagarden.net/media/upload/2/23/0375Metang.png
376,Metagross,Metagross,Stahl,Psycho,Hoenn,III,2,,metang,80,135,130,95,90,70,https://raw.githubusercontent.com/PokeAPI/sprites/master/sprites/pokemon/other/official-artwork/376.png,https://archives.bulbagarden.net/media/upload/f/fe/0376Metagross.png
377,Regirock,Regirock,Gestein,,Hoenn,III,0,,,80,100,200,50,100,50,https://raw.githubusercontent.com/PokeAPI/sprites/master/sprites/pokemon/other/official-artwork/377.png,https://archives.bulbagarden.net/media/upload/9/9c/0377Regirock.png
378,Regice,Regice,Eis,,Hoenn,III,0,,,80,50,100,100,200,50,https://raw.githubusercontent.com/PokeAPI/sprites/master/sprites/pokemon/other/official-artwork/378.png,https://archives.bulbagarden.net/media/upload/1/1c/0378Regice.png
379,Registeel,Registeel,Stahl,,Hoenn,III,0,,,80,75,150,75,150,50,https://raw.githubusercontent.com/PokeAPI/sprites/master/sprites/pokemon/other/official-artwork/379.png,https://archives.bulbagarden.net/media/upload/2/22/0379Registeel.png
380,Latias,Latias,Drache,Psycho,Hoenn,III,0,,,80,80,90,110,130,110,https://raw.githubusercontent.com/PokeAPI/sprites/master/sprites/pokemon/other/official-artwork/380.png,https://archives.bulbagarden.net/media/upload/f/f7/0380Latias.png
381,Latios,Latios,Drache,Psycho,Hoenn,III,0,,,80,90,80,130,110,110,https://raw.githubusercontent.com/PokeAPI/sprites/master/sprites/pokemon/other/official-artwork/381.png,https://archives.bulbagarden.net/media/upload/b/b9/0381Latios.png
382,Kyogre,Kyogre,Wasser,,Hoenn,III,0,,,100,100,90,150,140,90,https://raw.githubusercontent.com/PokeAPI/sprites/master/sprites/pokemon/other/official-artwork/382.png,https://archives.bulbagarden.net/media/upload/5/51/0382Kyogre.png
383,Groudon,Groudon,Boden,,Hoenn,III,0,,,100,150,140,100,90,90,https://raw.githubusercontent.com/PokeAPI/sprites/master/sprites/pokemon/other/official-artwork/383.png,https://archives.bulbagarden.net/media/upload/2/28/0383Groudon.png
384,Rayquaza,Rayquaza,Drache,Flug,Hoenn,III,0,,,105,150,90,150,90,95,https://raw.githubusercontent.com/PokeAPI/sprites/master/sprites/pokemon/other/official-artwork/384.png,https://archives.bulbagarden.net/media/upload/8/80/0384Rayquaza.png
385,Jirachi,Jirachi,Stahl,Psycho,Hoenn,III,0,,,100,100,100,100,100,100,https://raw.githubusercontent.com/PokeAPI/sprites/master/sprites/pokemon/other/official-artwork/385.png,https://archives.bulbagarden.net/media/upload/6/61/0385Jirachi.png
386,Deoxys,Deoxys,Psycho,,Hoenn,III,0,,,50,150,50,150,50,150,https://raw.githubusercontent.com/PokeAPI/sprites/master/sprites/pokemon/other/official-artwork/386.png,https://archives.bulbagarden.net/media/upload/d/d7/0386Deoxys.png
387,Chelast,Turtwig,Pflanze,,Sinnoh,IV,0,,,55,68,64,45,55,31,https://raw.githubusercontent.com/PokeAPI/sprites/master/sprites/pokemon/other/official-artwork/387.png,https://archives.bulbagarden.net/media/upload/6/68/0387Turtwig.png
388,Chelcarain,Grotle,Pflanze,,Sinnoh,IV,1,,turtwig,75,89,85,55,65,36,https://raw.githubusercontent.com/PokeAPI/sprites/master/sprites/pokemon/other/official-artwork/388.png,https://archives.bulbagarden.net/media/upload/f/f8/0388Grotle.png
389,Chelterrar,Torterra,Pflanze,Boden,Sinnoh,IV,2,,grotle,95,109,105,75,85,56,https://raw.githubusercontent.com/PokeAPI/sprites/master/sprites/pokemon/other/official-artwork/389.png,https://archives.bulbagarden.net/media/upload/a/ac/0389Torterra.png
390,Panflam,Chimchar,Feuer,,Sinnoh,IV,0,,,44,58,44,58,44,61,https://raw.githubusercontent.com/PokeAPI/sprites/master/sprites/pokemon/other/official-artwork/390.png,https://archives.bulbagarden.net/media/upload/9/91/0390Chimchar.png
391,Panpyro,Monferno,Feuer,Kampf,Sinnoh,IV,1,,chimchar,64,78,52,78,52,81,https://raw.githubusercontent.com/PokeAPI/sprites/master/sprites/pokemon/other/official-artwork/391.png,https://archives.bulbagarden.net/media/upload/5/52/0391Monferno.png
392,Panferno,Infernape,Feuer,Kampf,Sinnoh,IV,2,,monferno,76,104,71,104,71,108,https://raw.githubusercontent.com/PokeAPI/sprites/master/sprites/pokemon/other/official-artwork/392.png,https://archives.bulbagarden.net/media/upload/8/82/0392Infernape.png
393,Plinfa,Piplup,Wasser,,Sinnoh,IV,0,,,53,51,53,61,56,40,https://raw.githubusercontent.com/PokeAPI/sprites/master/sprites/pokemon/other/official-artwork/393.png,https://archives.bulbagarden.net/media/upload/b/ba/0393Piplup.png
394,Pliprin,Prinplup,Wasser,,Sinnoh,IV,1,,piplup,64,66,68,81,76,50,https://raw.githubusercontent.com/PokeAPI/sprites/master/sprites/pokemon/other/official-artwork/394.png,https://archives.bulbagarden.net/media/upload/a/ac/0394Prinplup.png
395,Impoleon,Empoleon,Wasser,Stahl,Sinnoh,IV,2,,prinplup,84,86,88,111,101,60,https://raw.githubusercontent.com/PokeAPI/sprites/master/sprites/pokemon/other/official-artwork/395.png,https://archives.bulbagarden.net/media/upload/7/7f/0395Empoleon.png
396,Staralili,Starly,Normal,Flug,Sinnoh,IV,0,,,40,55,30,30,30,60,https://raw.githubusercontent.com/PokeAPI/sprites/master/sprites/pokemon/other/official-artwork/396.png,https://archives.bulbagarden.net/media/upload/9/9b/0396Starly.png
397,Staravia,Staravia,Normal,Flug,Sinnoh,IV,1,,starly,55,75,50,40,40,80,https://raw.githubusercontent.com/PokeAPI/sprites/master/sprites/pokemon/other/official-artwork/397.png,https://archives.bulbagarden.net/media/upload/8/87/0397Staravia.png
398,Staraptor,Staraptor,Normal,Flug,Sinnoh,IV,2,,staravia,85,120,70,50,60,100,https://raw.githubusercontent.com/PokeAPI/sprites/master/sprites/pokemon/other/official-artwork/398.png,https://archives.bulbagarden.net/media/upload/3/3c/0398Staraptor.png
399,Bidiza,Bidoof,Normal,,Sinnoh,IV,0,,,59,45,40,35,40,31,https://raw.githubusercontent.com/PokeAPI/sprites/master/sprites/pokemon/other/official-artwork/399.png,https://archives.bulbagarden.net/media/upload/7/70/0399Bidoof.png
400,Bidifas,Bibarel,Normal,Wasser,Sinnoh,IV,1,,bidoof,79,85,60,55,60,71,https://raw.githubusercontent.com/PokeAPI/sprites/master/sprites/pokemon/other/official-artwork/400.png,https://archives.bulbagarden.net/media/upload/d/dc/0400Bibarel.png
401,Zirpurze,Kricketot,Käfer,,Sinnoh,IV,0,,,37,25,41,25,41,25,https://raw.githubusercontent.com/PokeAPI/sprites/master/sprites/pokemon/other/official-artwork/401.png,https://archives.bulbagarden.net/media/upload/7/72/0401Kricketot.png
402,Zirpeise,Kricketune,Käfer,,Sinnoh,IV,1,,kricketot,77,85,51,55,51,65,https://raw.githubusercontent.com/PokeAPI/sprites/master/sprites/pokemon/other/official-artwork/402.png,https://archives.bulbagarden.net/media/upload/1/11/0402Kricketune.png
403,Sheinux,Shinx,Elektro,,Sinnoh,IV,0,,,45,65,34,40,34,45,https://raw.githubusercontent.com/PokeAPI/sprites/master/sprites/pokemon/other/official-artwork/403.png,https://archives.bulbagarden.net/media/upload/5/58/0403Shinx.png
404,Luxio,Luxio,Elektro,,Sinnoh,IV,1,,shinx,60,85,49,60,49,60,https://raw.githubusercontent.com/PokeAPI/sprites/master/sprites/pokemon/other/official-artwork/404.png,https://archives.bulbagarden.net/media/upload/0/0f/0404Luxio.png
405,Luxtra,Luxray,Elektro,,Sinnoh,IV,2,,luxio,80,120,79,95,79,70,https://raw.githubusercontent.com/PokeAPI/sprites/master/sprites/pokemon/other/official-artwork/405.png,https://archives.bulbagarden.net/media/upload/f/f4/0405Luxray.png
406,Knospi,Budew,Pflanze,Gift,Sinnoh,IV,0,,,40,30,35,50,70,55,https://raw.githubusercontent.com/PokeAPI/sprites/master/sprites/pokemon/other/official-artwork/406.png,https://archives.bulbagarden.net/media/upload/f/f9/0406Budew.png
407,Roserade,Roserade,Pflanze,Gift,Sinnoh,IV,2,,roselia,60,70,65,125,105,90,https://raw.githubusercontent.com/PokeAPI/sprites/master/sprites/pokemon/other/official-artwork/407.png,https://archives.bulbagarden.net/media/upload/b/b9/0407Roserade.png
408,Koknodon,Cranidos,Gestein,,Sinnoh,IV,0,,,67,125,40,30,30,58,https://raw.githubusercontent.com/PokeAPI/sprites/master/sprites/pokemon/other/official-artwork/408.png,https://archives.bulbagarden.net/media/upload/0/07/0408Cranidos.png
409,Rameidon,Rampardos,Gestein,,Sinnoh,IV,1,,cranidos,97,165,60,65,50,58,https://raw.githubusercontent.com/PokeAPI/sprites/master/sprites/pokemon/other/official-artwork/409.png,https://archives.bulbagarden.net/media/upload/1/1f/0409Rampardos.png
410,Schilterus,Shieldon,Gestein,Stahl,Sinnoh,IV,0,,,30,42,118,42,88,30,https://raw.githubusercontent.com/PokeAPI/sprites/master/sprites/pokemon/other/official-artwork/410.png,https://archives.bulbagarden.net/media/upload/1/11/0410Shieldon.png
411,Bollterus,Bastiodon,Gestein,Stahl,Sinnoh,IV,1,,shieldon,60,52,168,47,138,30,https://raw.githubusercontent.com/PokeAPI/sprites/master/sprites/pokemon/other/official-artwork/411.png,https://archives.bulbagarden.net/media/upload/b/b0/0411Bastiodon.png
412,Burmy,Burmy,Käfer,,Sinnoh,IV,0,,,40,29,45,29,45,36,https://raw.githubusercontent.com/PokeAPI/sprites/master/sprites/pokemon/other/official-artwork/412.png,https://archives.bulbagarden.net/media/upload/2/2f/0412Burmy.png
413,Burmadame,Wormadam,Käfer,Pflanze,Sinnoh,IV,1,,burmy,60,59,85,79,105,36,https://raw.githubusercontent.com/PokeAPI/sprites/master/sprites/pokemon/other/official-artwork/413.png,https://archives.bulbagarden.net/media/upload/d/dc/0413Wormadam.png
414,Moterpel,Mothim,Käfer,Flug,Sinnoh,IV,1,,burmy,70,94,50,94,50,66,https://raw.githubusercontent.com/PokeAPI/sprites/master/sprites/pokemon/other/official-artwork/414.png,https://archives.bulbagarden.net/media/upload/2/22/0414Mothim.png
415,Wadribie,Combee,Käfer,Flug,Sinnoh,IV,0,,,30,30,42,30,42,70,https://raw.githubusercontent.com/PokeAPI/sprites/master/sprites/pokemon/other/official-artwork/415.png,https://archives.bulbagarden.net/media/upload/3/30/0415Combee.png
416,Honweisel,Vespiquen,Käfer,Flug,Sinnoh,IV,1,,combee,70,80,102,80,102,40,https://raw.githubusercontent.com/PokeAPI/sprites/master/sprites/pokemon/other/official-artwork/416.png,https://archives.bulbagarden.net/media/upload/6/6c/0416Vespiquen.png
417,Pachirisu,Pachirisu,Elektro,,Sinnoh,IV,0,,,60,45,70,45,90,95,https://raw.githubusercontent.com/PokeAPI/sprites/master/sprites/pokemon/other/official-artwork/417.png,https://archives.bulbagarden.net/media/upload/9/92/0417Pachirisu.png
418,Bamelin,Buizel,Wasser,,Sinnoh,IV,0,,,55,65,35,60,30,85,https://raw.githubusercontent.com/PokeAPI/sprites/master/sprites/pokemon/other/official-artwork/418.png,https://archives.bulbagarden.net/media/upload/b/b3/0418Buizel.png
419,Bojelin,Floatzel,Wasser,,Sinnoh,IV,1,,buizel,85,105,55,85,50,115,https://raw.githubusercontent.com/PokeAPI/sprites/master/sprites/pokemon/other/official-artwork/419.png,https://archives.bulbagarden.net/media/upload/1/1c/0419Floatzel.png
420,Kikugi,Cherubi,Pflanze,,Sinnoh,IV,0,,,45,35,45,62,53,35,https://raw.githubusercontent.com/PokeAPI/sprites/master/sprites/pokemon/other/official-artwork/420.png,https://archives.bulbagarden.net/media/upload/b/bc/0420Cherubi.png
421,Kinoso,Cherrim,Pflanze,,Sinnoh,IV,1,,cherubi,70,60,70,87,78,85,https://raw.githubusercontent.com/PokeAPI/sprites/master/sprites/pokemon/other/official-artwork/421.png,https://archives.bulbagarden.net/media/upload/2/21/0421Cherrim.png
422,Schalellos,Shellos,Wasser,,Sinnoh,IV,0,,,76,48,48,57,62,34,https://raw.githubusercontent.com/PokeAPI/sprites/master/sprites/pokemon/other/official-artwork/422.png,https://archives.bulbagarden.net/media/upload/2/2c/0422Shellos.png
423,Gastrodon,Gastrodon,Wasser,Boden,Sinnoh,IV,1,,shellos,111,83,68,92,82,39,https://raw.githubusercontent.com/PokeAPI/sprites/master/sprites/pokemon/other/official-artwork/423.png,https://archives.bulbagarden.net/media/upload/4/41/0423Gastrodon.png
424,Ambidiffel,Ambipom,Normal,,Sinnoh,IV,1,,aipom,75,100,66,60,66,115,https://raw.githubusercontent.com/PokeAPI/sprites/master/sprites/pokemon/other/official-artwork/424.png,https://archives.bulbagarden.net/media/upload/9/9d/0424Ambipom.png
425,Driftlon,Drifloon,Geist,Flug,Sinnoh,IV,0,,,90,50,34,60,44,70,https://raw.githubusercontent.com/PokeAPI/sprites/master/sprites/pokemon/other/official-artwork/425.png,https://archives.bulbagarden.net/media/upload/f/ff/0425Drifloon.png
426,Drifzepeli,Drifblim,Geist,Flug,Sinnoh,IV,1,,drifloon,150,80,44,90,54,80,https://raw.githubusercontent.com/PokeAPI/sprites/master/sprites/pokemon/other/official-artwork/426.png,https://archives.bulbagarden.net/media/upload/e/ea/0426Drifblim.png
427,Haspiror,Buneary,Normal,,Sinnoh,IV,0,,,55,66,44,44,56,85,https://raw.githubusercontent.com/PokeAPI/sprites/master/sprites/pokemon/other/official-artwork/427.png,https://archives.bulbagarden.net/media/upload/6/6c/0427Buneary.png
428,Schlapor,Lopunny,Normal,,Sinnoh,IV,1,,buneary,65,76,84,54,96,105,https://raw.githubusercontent.com/PokeAPI/sprites/master/sprites/pokemon/other/official-artwork/428.png,https://archives.bulbagarden.net/media/upload/4/4b/0428Lopunny.png
429,Traunmagil,Mismagius,Geist,,Sinnoh,IV,1,,misdreavus,60,60,60,105,105,105,https://raw.githubusercontent.com/PokeAPI/sprites/master/sprites/pokemon/other/official-artwork/429.png,https://archives.bulbagarden.net/media/upload/a/a5/0429Mismagius.png
430,Kramshef,Honchkrow,Unlicht,Flug,Sinnoh,IV,1,,murkrow,100,125,52,105,52,71,https://raw.githubusercontent.com/PokeAPI/sprites/master/sprites/pokemon/other/official-artwork/430.png,https://archives.bulbagarden.net/media/upload/c/c5/0430Honchkrow.png
431,Charmian,Glameow,Normal,,Sinnoh,IV,0,,,49,55,42,42,37,85,https://raw.githubusercontent.com/PokeAPI/sprites/master/sprites/pokemon/other/official-artwork/431.png,https://archives.bulbagarden.net/media/upload/b/b6/0431Glameow.png
432,Shnurgarst,Purugly,Normal,,Sinnoh,IV,1,,glameow,71,82,64,64,59,112,https://raw.githubusercontent.com/PokeAPI/sprites/master/sprites/pokemon/other/official-artwork/432.png,https://archives.bulbagarden.net/media/upload/6/6a/0432Purugly.png
433,Klingplim,Chingling,Psycho,,Sinnoh,IV,0,,,45,30,50,65,50,45,https://raw.githubusercontent.com/PokeAPI/sprites/master/sprites/pokemon/other/official-artwork/433.png,https://archives.bulbagarden.net/media/upload/2/2f/0433Chingling.png
434,Skunkapuh,Stunky,Gift,Unlicht,Sinnoh,IV,0,,,63,63,47,41,41,74,https://raw.githubusercontent.com/PokeAPI/sprites/master/sprites/pokemon/other/official-artwork/434.png,https://archives.bulbagarden.net/media/upload/9/93/0434Stunky.png
435,Skuntank,Skuntank,Gift,Unlicht,Sinnoh,IV,1,,stunky,103,93,67,71,61,84,https://raw.githubusercontent.com/PokeAPI/sprites/master/sprites/pokemon/other/official-artwork/435.png,https://archives.bulbagarden.net/media/upload/e/e6/0435Skuntank.png
436,Bronzel,Bronzor,Stahl,Psycho,Sinnoh,IV,0,,,57,24,86,24,86,23,https://raw.githubusercontent.com/PokeAPI/sprites/master/sprites/pokemon/other/official-artwork/436.png,https://archives.bulbagarden.net/media/upload/7/7d/0436Bronzor.png
437,Bronzong,Bronzong,Stahl,Psycho,Sinnoh,IV,1,,bronzor,67,89,116,79,116,33,https://raw.githubusercontent.com/PokeAPI/sprites/master/sprites/pokemon/other/official-artwork/437.png,https://archives.bulbagarden.net/media/upload/2/21/0437Bronzong.png
438,Mobai,Bonsly,Gestein,,Sinnoh,IV,0,,,50,80,95,10,45,10,https://raw.githubusercontent.com/PokeAPI/sprites/master/sprites/pokemon/other/official-artwork/438.png,https://archives.bulbagarden.net/media/upload/4/47/0438Bonsly.png
439,Pantimimi,Mime Jr.,Psycho,Fee,Sinnoh,IV,0,,,20,25,45,70,90,60,https://raw.githubusercontent.com/PokeAPI/sprites/master/sprites/pokemon/other/official-artwork/439.png,
440,Wonneira,Happiny,Normal,,Sinnoh,IV,0,,,100,5,5,15,65,30,https://raw.githubusercontent.com/PokeAPI/sprites/master/sprites/pokemon/other/official-artwork/440.png,https://archives.bulbagarden.net/media/upload/7/71/0440Happiny.png
441,Plaudagei,Chatot,Normal,Flug,Sinnoh,IV,0,,,76,65,45,92,42,91,https://raw.githubusercontent.com/PokeAPI/sprites/master/sprites/pokemon/other/official-artwork/441.png,https://archives.bulbagarden.net/media/upload/b/b1/0441Chatot.png
442,Kryppuk,Spiritomb,Geist,Unlicht,Sinnoh,IV,0,,,50,92,108,92,108,35,https://raw.githubusercontent.com/PokeAPI/sprites/master/sprites/pokemon/other/official-artwork/442.png,https://archives.bulbagarden.net/media/upload/3/39/0442Spiritomb.png
443,Kaumalat,Gible,Drache,Boden,Sinnoh,IV,0,,,58,70,45,40,45,42,https://raw.githubusercontent.com/PokeAPI/sprites/master/sprites/pokemon/other/official-artwork/443.png,https://archives.bulbagarden.net/media/upload/6/68/0443Gible.png
444,Knarksel,Gabite,Drache,Boden,Sinnoh,IV,1,,gible,68,90,65,50,55,82,https://raw.githubusercontent.com/PokeAPI/sprites/master/sprites/pokemon/other/official-artwork/444.png,https://archives.bulbagarden.net/media/upload/f/f2/0444Gabite.png
445,Knakrack,Garchomp,Drache,Boden,Sinnoh,IV,2,,gabite,108,130,95,80,85,102,https://raw.githubusercontent.com/PokeAPI/sprites/master/sprites/pokemon/other/official-artwork/445.png,https://archives.bulbagarden.net/media/upload/a/a8/0445Garchomp.png
446,Mampfaxo,Munchlax,Normal,,Sinnoh,IV,0,,,135,85,40,40,85,5,https://raw.githubusercontent.com/PokeAPI/sprites/master/sprites/pokemon/other/official-artwork/446.png,https://archives.bulbagarden.net/media/upload/5/57/0446Munchlax.png
447,Riolu,Riolu,Kampf,,Sinnoh,IV,0,,,40,70,40,35,40,60,https://raw.githubusercontent.com/PokeAPI/sprites/master/sprites/pokemon/other/official-artwork/447.png,https://archives.bulbagarden.net/media/upload/b/b2/0447Riolu.png
448,Lucario,Lucario,Kampf,Stahl,Sinnoh,IV,1,,riolu,70,110,70,115,70,90,https://raw.githubusercontent.com/PokeAPI/sprites/master/sprites/pokemon/other/official-artwork/448.png,https://archives.bulbagarden.net/media/upload/4/42/0448Lucario.png
449,Hippopotas,Hippopotas,Boden,,Sinnoh,IV,0,,,68,72,78,38,42,32,https://raw.githubusercontent.com/PokeAPI/sprites/master/sprites/pokemon/other/official-artwork/449.png,https://archives.bulbagarden.net/media/upload/d/d3/0449Hippopotas.png
450,Hippoterus,Hippowdon,Boden,,Sinnoh,IV,1,,hippopotas,108,112,118,68,72,47,https://raw.githubusercontent.com/PokeAPI/sprites/master/sprites/pokemon/other/official-artwork/450.png,https://archives.bulbagarden.net/media/upload/7/70/0450Hippowdon.png
451,Pionskora,Skorupi,Gift,Käfer,Sinnoh,IV,0,,,40,50,90,30,55,65,https://raw.githubusercontent.com/PokeAPI/sprites/master/sprites/pokemon/other/official-artwork/451.png,https://archives.bulbagarden.net/media/upload/3/35/0451Skorupi.png
452,Piondragi,Drapion,Gift,Unlicht,Sinnoh,IV,1,,skorupi,70,90,110,60,75,95,https://raw.githubusercontent.com/PokeAPI/sprites/master/sprites/pokemon/other/official-artwork/452.png,https://archives.bulbagarden.net/media/upload/1/11/0452Drapion.png
453,Glibunkel,Croagunk,Gift,Kampf,Sinnoh,IV,0,,,48,61,40,61,40,50,https://raw.githubusercontent.com/PokeAPI/sprites/master/sprites/pokemon/other/official-artwork/453.png,https://archives.bulbagarden.net/media/upload/a/ab/0453Croagunk.png
454,Toxiquak,Toxicroak,Gift,Kampf,Sinnoh,IV,1,,croagunk,83,106,65,86,65,85,https://raw.githubusercontent.com/PokeAPI/sprites/master/sprites/pokemon/other/official-artwork/454.png,https://archives.bulbagarden.net/media/upload/6/61/0454Toxicroak.png
455,Venuflibis,Carnivine,Pflanze,,Sinnoh,IV,0,,,74,100,72,90,72,46,https://raw.githubusercontent.com/PokeAPI/sprites/master/sprites/pokemon/other/official-artwork/455.png,https://archives.bulbagarden.net/media/upload/8/85/0455Carnivine.png
456,Finneon,Finneon,Wasser,,Sinnoh,IV,0,,,49,49,56,49,61,66,https://raw.githubusercontent.com/PokeAPI/sprites/master/sprites/pokemon/other/official-artwork/456.png,https://archives.bulbagarden.net/media/upload/b/ba/0456Finneon.png
457,Lumineon,Lumineon,Wasser,,Sinnoh,IV,1,,finneon,69,69,76,69,86,91,https://raw.githubusercontent.com/PokeAPI/sprites/master/sprites/pokemon/other/official-artwork/457.png,https://archives.bulbagarden.net/media/upload/8/8c/0457Lumineon.png
458,Mantirps,Mantyke,Wasser,Flug,Sinnoh,IV,0,,,45,20,50,60,120,50,https://raw.githubusercontent.com/PokeAPI/sprites/master/sprites/pokemon/other/official-artwork/458.png,https://archives.bulbagarden.net/media/upload/2/28/0458Mantyke.png
459,Shnebedeck,Snover,Pflanze,Eis,Sinnoh,IV,0,,,60,62,50,62,60,40,https://raw.githubusercontent.com/PokeAPI/sprites/master/sprites/pokemon/other/official-artwork/459.png,https://archives.bulbagarden.net/media/upload/f/f0/0459Snover.png
460,Rexblisar,Abomasnow,Pflanze,Eis,Sinnoh,IV,1,,snover,90,92,75,92,85,60,https://raw.githubusercontent.com/PokeAPI/sprites/master/sprites/pokemon/other/official-artwork/460.png,https://archives.bulbagarden.net/media/upload/1/14/0460Abomasnow.png
461,Snibunna,Weavile,Unlicht,Eis,Sinnoh,IV,1,,sneasel,70,120,65,45,85,125,https://raw.githubusercontent.com/PokeAPI/sprites/master/sprites/pokemon/other/official-artwork/461.png,https://archives.bulbagarden.net/media/upload/f/f1/0461Weavile.png
462,Magnezone,Magnezone,Elektro,Stahl,Sinnoh,IV,2,,magneton,70,70,115,130,90,60,https://raw.githubusercontent.com/PokeAPI/sprites/master/sprites/pokemon/other/official-artwork/462.png,https://archives.bulbagarden.net/media/upload/f/f5/0462Magnezone.png
463,Schlurplek,Lickilicky,Normal,,Sinnoh,IV,1,,lickitung,110,85,95,80,95,50,https://raw.githubusercontent.com/PokeAPI/sprites/master/sprites/pokemon/other/official-artwork/463.png,https://archives.bulbagarden.net/media/upload/a/a6/0463Lickilicky.png
464,Rihornior,Rhyperior,Boden,Gestein,Sinnoh,IV,2,,rhydon,115,140,130,55,55,40,https://raw.githubusercontent.com/PokeAPI/sprites/master/sprites/pokemon/other/official-artwork/464.png,https://archives.bulbagarden.net/media/upload/f/f0/0464Rhyperior.png
465,Tangoloss,Tangrowth,Pflanze,,Sinnoh,IV,1,,tangela,100,100,125,110,50,50,https://raw.githubusercontent.com/PokeAPI/sprites/master/sprites/pokemon/other/official-artwork/465.png,https://archives.bulbagarden.net/media/upload/5/57/0465Tangrowth.png
466,Elevoltek,Electivire,Elektro,,Sinnoh,IV,2,,electabuzz,75,123,67,95,85,95,https://raw.githubusercontent.com/PokeAPI/sprites/master/sprites/pokemon/other/official-artwork/466.png,https://archives.bulbagarden.net/media/upload/e/e8/0466Electivire.png
467,Magbrant,Magmortar,Feuer,,Sinnoh,IV,2,,magmar,75,95,67,125,95,83,https://raw.githubusercontent.com/PokeAPI/sprites/master/sprites/pokemon/other/official-artwork/467.png,https://archives.bulbagarden.net/media/upload/8/82/0467Magmortar.png
468,Togekiss,Togekiss,Fee,Flug,Sinnoh,IV,2,,togetic,85,50,95,120,115,80,https://raw.githubusercontent.com/PokeAPI/sprites/master/sprites/pokemon/other/official-artwork/468.png,https://archives.bulbagarden.net/media/upload/8/8f/0468Togekiss.png
469,Yanmega,Yanmega,Käfer,Flug,Sinnoh,IV,1,,yanma,86,76,86,116,56,95,https://raw.githubusercontent.com/PokeAPI/sprites/master/sprites/pokemon/other/official-artwork/469.png,https://archives.bulbagarden.net/media/upload/7/79/0469Yanmega.png
470,Folipurba,Leafeon,Pflanze,,Sinnoh,IV,1,,eevee,65,110,130,60,65,95,https://raw.githubusercontent.com/PokeAPI/sprites/master/sprites/pokemon/other/official-artwork/470.png,https://archives.bulbagarden.net/media/upload/8/80/0470Leafeon.png
471,Glaziola,Glaceon,Eis,,Sinnoh,IV,1,,eevee,65,60,110,130,95,65,https://raw.githubusercontent.com/PokeAPI/sprites/master/sprites/pokemon/other/official-artwork/471.png,https://archives.bulbagarden.net/media/upload/9/91/0471Glaceon.png
472,Skorgro,Gliscor,Boden,Flug,Sinnoh,IV,1,,gligar,75,95,125,45,75,95,https://raw.githubusercontent.com/PokeAPI/sprites/master/sprites/pokemon/other/official-artwork/472.png,https://archives.bulbagarden.net/media/upload/9/94/0472Gliscor.png
473,Mamutel,Mamoswine,Eis,Boden,Sinnoh,IV,2,,piloswine,110,130,80,70,60,80,https://raw.githubusercontent.com/PokeAPI/sprites/master/sprites/pokemon/other/official-artwork/473.png,https://archives.bulbagarden.net/media/upload/4/4c/0473Mamoswine.png
474,Porygon-Z,Porygon-Z,Normal,,Sinnoh,IV,2,,porygon2,85,80,70,135,75,90,https://raw.githubusercontent.com/PokeAPI/sprites/master/sprites/pokemon/other/official-artwork/474.png,
475,Galagladi,Gallade,Psycho,Kampf,Sinnoh,IV,2,,kirlia,68,125,65,65,115,80,https://raw.githubusercontent.com/PokeAPI/sprites/master/sprites/pokemon/other/official-artwork/475.png,https://archives.bulbagarden.net/media/upload/9/97/0475Gallade.png
476,Voluminas,Probopass,Gestein,Stahl,Sinnoh,IV,1,,nosepass,60,55,145,75,150,40,https://raw.githubusercontent.com/PokeAPI/sprites/master/sprites/pokemon/other/official-artwork/476.png,https://archives.bulbagarden.net/media/upload/a/ae/0476Probopass.png
477,Zwirrfinst,Dusknoir,Geist,,Sinnoh,IV,2,,dusclops,45,100,135,65,135,45,https://raw.githubusercontent.com/PokeAPI/sprites/master/sprites/pokemon/other/official-artwork/477.png,https://archives.bulbagarden.net/media/upload/4/4c/0477Dusknoir.png
478,Frosdedje,Froslass,Eis,Geist,Sinnoh,IV,1,,snorunt,70,80,70,80,70,110,https://raw.githubusercontent.com/PokeAPI/sprites/master/sprites/pokemon/other/official-artwork/478.png,https://archives.bulbagarden.net/media/upload/5/59/0478Froslass.png
479,Rotom,Rotom,Elektro,Geist,Sinnoh,IV,0,,,50,50,77,95,77,91,https://raw.githubusercontent.com/PokeAPI/sprites/master/sprites/pokemon/other/official-artwork/479.png,https://archives.bulbagarden.net/media/upload/3/37/0479Rotom.png
480,Selfe,Uxie,Psycho,,Sinnoh,IV,0,,,75,75,130,75,130,95,https://raw.githubusercontent.com/PokeAPI/sprites/master/sprites/pokemon/other/official-artwork/480.png,https://archives.bulbagarden.net/media/upload/1/18/0480Uxie.png
481,Vesprit,Mesprit,Psycho,,Sinnoh,IV,0,,,80,105,105,105,105,80,https://raw.githubusercontent.com/PokeAPI/sprites/master/sprites/pokemon/other/official-artwork/481.png,https://archives.bulbagarden.net/media/upload/2/24/0481Mesprit.png
482,Tobutz,Azelf,Psycho,,Sinnoh,IV,0,,,75,125,70,125,70,115,https://raw.githubusercontent.com/PokeAPI/sprites/master/sprites/pokemon/other/official-artwork/482.png,https://archives.bulbagarden.net/media/upload/a/ac/0482Azelf.png
483,Dialga,Dialga,Stahl,Drache,Sinnoh,IV,0,,,100,120,120,150,100,90,https://raw.githubusercontent.com/PokeAPI/sprites/master/sprites/pokemon/other/official-artwork/483.png,https://archives.bulbagarden.net/media/upload/4/43/0483Dialga.png
484,Palkia,Palkia,Wasser,Drache,Sinnoh,IV,0,,,90,120,100,150,120,100,https://raw.githubusercontent.com/PokeAPI/sprites/master/sprites/pokemon/other/official-artwork/484.png,https://archives.bulbagarden.net/media/upload/b/b7/0484Palkia.png
485,Heatran,Heatran,Feuer,Stahl,Sinnoh,IV,0,,,91,90,106,130,106,77,https://raw.githubusercontent.com/PokeAPI/sprites/master/sprites/pokemon/other/official-artwork/485.png,https://archives.bulbagarden.net/media/upload/6/60/0485Heatran.png
486,Regigigas,Regigigas,Normal,,Sinnoh,IV,0,,,110,160,110,80,110,100,https://raw.githubusercontent.com/PokeAPI/sprites/master/sprites/pokemon/other/official-artwork/486.png,https://archives.bulbagarden.net/media/upload/e/e3/0486Regigigas.png
487,Giratina,Giratina,Geist,Drache,Sinnoh,IV,0,,,150,100,120,100,120,90,https://raw.githubusercontent.com/PokeAPI/sprites/master/sprites/pokemon/other/official-artwork/487.png,https://archives.bulbagarden.net/media/upload/8/81/0487Giratina.png
488,Cresselia,Cresselia,Psycho,,Sinnoh,IV,0,,,120,70,110,75,120,85,https://raw.githubusercontent.com/PokeAPI/sprites/master/sprites/pokemon/other/official-artwork/488.png,https://archives.bulbagarden.net/media/upload/9/97/0488Cresselia.png
489,Phione,Phione,Wasser,,Sinnoh,IV,0,,,80,80,80,80,80,80,https://raw.githubusercontent.com/PokeAPI/sprites/master/sprites/pokemon/other/official-artwork/489.png,https://archives.bulbagarden.net/media/upload/e/eb/0489Phione.png
490,Manaphy,Manaphy,Wasser,,Sinnoh,IV,1,,,100,100,100,100,100,100,https://raw.githubusercontent.com/PokeAPI/sprites/master/sprites/pokemon/other/official-artwork/490.png,https://archives.bulbagarden.net/media/upload/0/08/0490Manaphy.png
491,Darkrai,Darkrai,Unlicht,,Sinnoh,IV,0,,,70,90,90,135,90,125,https://raw.githubusercontent.com/PokeAPI/sprites/master/sprites/pokemon/other/official-artwork/491.png,https://archives.bulbagarden.net/media/upload/8/88/0491Darkrai.png
492,Shaymin,Shaymin,Pflanze,,Sinnoh,IV,0,,,100,100,100,100,100,100,https://raw.githubusercontent.com/PokeAPI/sprites/master/sprites/pokemon/other/official-artwork/492.png,https://archives.bulbagarden.net/media/upload/0/09/0492Shaymin.png
493,Arceus,Arceus,Normal,,Sinnoh,IV,0,,,120,120,120,120,120,120,https://raw.githubusercontent.com/PokeAPI/sprites/master/sprites/pokemon/other/official-artwork/493.png,https://archives.bulbagarden.net/media/upload/9/9e/0493Arceus.png
494,Victini,Victini,Psycho,Feuer,Unova,V,0,,,100,100,100,100,100,100,https://raw.githubusercontent.com/PokeAPI/sprites/master/sprites/pokemon/other/official-artwork/494.png,https://archives.bulbagarden.net/media/upload/f/f6/0494Victini.png
495,Serpifeu,Snivy,Pflanze,,Unova,V,0,,,45,45,55,45,55,63,https://raw.githubusercontent.com/PokeAPI/sprites/master/sprites/pokemon/other/official-artwork/495.png,https://archives.bulbagarden.net/media/upload/a/a5/0495Snivy.png
496,Efoserp,Servine,Pflanze,,Unova,V,1,,snivy,60,60,75,60,75,83,https://raw.githubusercontent.com/PokeAPI/sprites/master/sprites/pokemon/other/official-artwork/496.png,https://archives.bulbagarden.net/media/upload/6/62/0496Servine.png
497,Serpiroyal,Serperior,Pflanze,,Unova,V,2,,servine,75,75,95,75,95,113,https://raw.githubusercontent.com/PokeAPI/sprites/master/sprites/pokemon/other/official-artwork/497.png,https://archives.bulbagarden.net/media/upload/a/a7/0497Serperior.png
498,Floink,Tepig,Feuer,,Unova,V,0,,,65,63,45,45,45,45,https://raw.githubusercontent.com/PokeAPI/sprites/master/sprites/pokemon/other/official-artwork/498.png,https://archives.bulbagarden.net/media/upload/1/18/0498Tepig.png
499,Ferkokel,Pignite,Feuer,Kampf,Unova,V,1,,tepig,90,93,55,70,55,55,https://raw.githubusercontent.com/PokeAPI/sprites/master/sprites/pokemon/other/official-artwork/499.png,https://archives.bulbagarden.net/media/upload/1/10/0499Pignite.png
500,Flambirex,Emboar,Feuer,Kampf,Unova,V,2,,pignite,110,123,65,100,65,65,https://raw.githubusercontent.com/PokeAPI/sprites/master/sprites/pokemon/other/official-artwork/500.png,https://archives.bulbagarden.net/media/upload/5/52/0500Emboar.png
501,Ottaro,Oshawott,Wasser,,Unova,V,0,,,55,55,45,63,45,45,https://raw.githubusercontent.com/PokeAPI/sprites/master/sprites/pokemon/other/official-artwork/501.png,https://archives.bulbagarden.net/media/upload/9/90/0501Oshawott.png
502,Zwottronin,Dewott,Wasser,,Unova,V,1,,oshawott,75,75,60,83,60,60,https://raw.githubusercontent.com/PokeAPI/sprites/master/sprites/pokemon/other/official-artwork/502.png,https://archives.bulbagarden.net/media/upload/2/2c/0502Dewott.png
503,Admurai,Samurott,Wasser,,Unova,V,2,,dewott,95,100,85,108,70,70,https://raw.githubusercontent.com/PokeAPI/sprites/master/sprites/pokemon/other/official-artwork/503.png,https://archives.bulbagarden.net/media/upload/d/d8/0503Samurott.png
504,Nagelotz,Patrat,Normal,,Unova,V,0,,,45,55,39,35,39,42,https://raw.githubusercontent.com/PokeAPI/sprites/master/sprites/pokemon/other/official-artwork/504.png,https://archives.bulbagarden.net/media/upload/c/c6/0504Patrat.png
505,Kukmarda,Watchog,Normal,,Unova,V,1,,patrat,60,85,69,60,69,77,https://raw.githubusercontent.com/PokeAPI/sprites/master/sprites/pokemon/other/official-artwork/505.png,https://archives.bulbagarden.net/media/upload/f/f9/0505Watchog.png
506,Yorkleff,Lillipup,Normal,,Unova,V,0,,,45,60,45,25,45,55,https://raw.githubusercontent.com/PokeAPI/sprites/master/sprites/pokemon/other/official-artwork/506.png,https://archives.bulbagarden.net/media/upload/5/5d/0506Lillipup.png
507,Terribark,Herdier,Normal,,Unova,V,1,,lillipup,65,80,65,35,65,60,https://raw.githubusercontent.com/PokeAPI/sprites/master/sprites/pokemon/other/official-artwork/507.png,https://archives.bulbagarden.net/media/upload/c/ce/0507Herdier.png
508,Bissbark,Stoutland,Normal,,Unova,V,2,,herdier,85,110,90,45,90,80,https://raw.githubusercontent.com/PokeAPI/sprites/master/sprites/pokemon/other/official-artwork/508.png,https://archives.bulbagarden.net/media/upload/4/41/0508Stoutland.png
509,Felilou,Purrloin,Unlicht,,Unova,V,0,,,41,50,37,50,37,66,https://raw.githubusercontent.com/PokeAPI/sprites/master/sprites/pokemon/other/official-artwork/509.png,https://archives.bulbagarden.net/media/upload/3/31/0509Purrloin.png
510,Kleoparda,Liepard,Unlicht,,Unova,V,1,,purrloin,64,88,50,88,50,106,https://raw.githubusercontent.com/PokeAPI/sprites/master/sprites/pokemon/other/official-artwork/510.png,https://archives.bulbagarden.net/media/upload/4/45/0510Liepard.png
511,Vegimak,Pansage,Pflanze,,Unova,V,0,,,50,53,48,53,48,64,https://raw.githubusercontent.com/PokeAPI/sprites/master/sprites/pokemon/other/official-artwork/511.png,https://archives.bulbagarden.net/media/upload/c/cd/0511Pansage.png
512,Vegichita,Simisage,Pflanze,,Unova,V,1,,pansage,75,98,63,98,63,101,https://raw.githubusercontent.com/PokeAPI/sprites/master/sprites/pokemon/other/official-artwork/512.png,https://archives.bulbagarden.net/media/upload/9/93/0512Simisage.png
513,Grillmak,Pansear,Feuer,,Unova,V,0,,,50,53,48,53,48,64,https://raw.githubusercontent.com/PokeAPI/sprites/master/sprites/pokemon/other/official-artwork/513.png,https://archives.bulbagarden.net/media/upload/9/9a/0513Pansear.png
514,Grillchita,Simisear,Feuer,,Unova,V,1,,pansear,75,98,63,98,63,101,https://raw.githubusercontent.com/PokeAPI/sprites/master/sprites/pokemon/other/official-artwork/514.png,https://archives.bulbagarden.net/media/upload/7/73/0514Simisear.png
515,Sodamak,Panpour,Wasser,,Unova,V,0,,,50,53,48,53,48,64,https://raw.githubusercontent.com/PokeAPI/sprites/master/sprites/pokemon/other/official-artwork/515.png,https://archives.bulbagarden.net/media/upload/c/c1/0515Panpour.png
516,Sodachita,Simipour,Wasser,,Unova,V,1,,panpour,75,98,63,98,63,101,https://raw.githubusercontent.com/PokeAPI/sprites/master/sprites/pokemon/other/official-artwork/516.png,https://archives.bulbagarden.net/media/upload/0/08/0516Simipour.png
517,Somniam,Munna,Psycho,,Unova,V,0,,,76,25,45,67,55,24,https://raw.githubusercontent.com/PokeAPI/sprites/master/sprites/pokemon/other/official-artwork/517.png,https://archives.bulbagarden.net/media/upload/5/54/0517Munna.png
518,Somnivora,Musharna,Psycho,,Unova,V,1,,munna,116,55,85,107,95,29,https://raw.githubusercontent.com/PokeAPI/sprites/master/sprites/pokemon/other/official-artwork/518.png,https://archives.bulbagarden.net/media/upload/1/1b/0518Musharna.png
519,Dusselgurr,Pidove,Normal,Flug,Unova,V,0,,,50,55,50,36,30,43,https://raw.githubusercontent.com/PokeAPI/sprites/master/sprites/pokemon/other/official-artwork/519.png,https://archives.bulbagarden.net/media/upload/e/e1/0519Pidove.png
520,Navitaub,Tranquill,Normal,Flug,Unova,V,1,,pidove,62,77,62,50,42,65,https://raw.githubusercontent.com/PokeAPI/sprites/master/sprites/pokemon/other/official-artwork/520.png,https://archives.bulbagarden.net/media/upload/0/00/0520Tranquill.png
521,Fasasnob,Unfezant,Normal,Flug,Unova,V,2,,tranquill,80,115,80,65,55,93,https://raw.githubusercontent.com/PokeAPI/sprites/master/sprites/pokemon/other/official-artwork/521.png,https://archives.bulbagarden.net/media/upload/3/31/0521Unfezant.png
522,Elezeba,Blitzle,Elektro,,Unova,V,0,,,45,60,32,50,32,76,https://raw.githubusercontent.com/PokeAPI/sprites/master/sprites/pokemon/other/official-artwork/522.png,https://archives.bulbagarden.net/media/upload/0/08/0522Blitzle.png
523,Zebritz,Zebstrika,Elektro,,Unova,V,1,,blitzle,75,100,63,80,63,116,https://raw.githubusercontent.com/PokeAPI/sprites/master/sprites/pokemon/other/official-artwork/523.png,https://archives.bulbagarden.net/media/upload/7/76/0523Zebstrika.png
524,Kiesling,Roggenrola,Gestein,,Unova,V,0,,,55,75,85,25,25,15,https://raw.githubusercontent.com/PokeAPI/sprites/master/sprites/pokemon/other/official-artwork/524.png,https://archives.bulbagarden.net/media/upload/5/5f/0524Roggenrola.png
525,Sedimantur,Boldore,Gestein,,Unova,V,1,,roggenrola,70,105,105,50,40,20,https://raw.githubusercontent.com/PokeAPI/sprites/master/sprites/pokemon/other/official-artwork/525.png,https://archives.bulbagarden.net/media/upload/5/53/0525Boldore.png
526,Brockoloss,Gigalith,Gestein,,Unova,V,2,,boldore,85,135,130,60,80,25,https://raw.githubusercontent.com/PokeAPI/sprites/master/sprites/pokemon/other/official-artwork/526.png,https://archives.bulbagarden.net/media/upload/2/2b/0526Gigalith.png
527,Fleknoil,Woobat,Psycho,Flug,Unova,V,0,,,65,45,43,55,43,72,https://raw.githubusercontent.com/PokeAPI/sprites/master/sprites/pokemon/other/official-artwork/527.png,https://archives.bulbagarden.net/media/upload/d/d9/0527Woobat.png
528,Fletiamo,Swoobat,Psycho,Flug,Unova,V,1,,woobat,67,57,55,77,55,114,https://raw.githubusercontent.com/PokeAPI/sprites/master/sprites/pokemon/other/official-artwork/528.png,https://archives.bulbagarden.net/media/upload/a/ad/0528Swoobat.png
529,Rotomurf,Drilbur,Boden,,Unova,V,0,,,60,85,40,30,45,68,https://raw.githubusercontent.com/PokeAPI/sprites/master/sprites/pokemon/other/official-artwork/529.png,https://archives.bulbagarden.net/media/upload/7/77/0529Drilbur.png
530,Stalobor,Excadrill,Boden,Stahl,Unova,V,1,,drilbur,110,135,60,50,65,88,https://raw.githubusercontent.com/PokeAPI/sprites/master/sprites/pokemon/other/official-artwork/530.png,https://archives.bulbagarden.net/media/upload/e/e3/0530Excadrill.png
531,Ohrdoch,Audino,Normal,,Unova,V,0,,,103,60,86,60,86,50,https://raw.githubusercontent.com/PokeAPI/sprites/master/sprites/pokemon/other/official-artwork/531.png,https://archives.bulbagarden.net/media/upload/2/2c/0531Audino.png
532,Praktibalk,Timburr,Kampf,,Unova,V,0,,,75,80,55,25,35,35,https://raw.githubusercontent.com/PokeAPI/sprites/master/sprites/pokemon/other/official-artwork/532.png,https://archives.bulbagarden.net/media/upload/0/05/0532Timburr.png
533,Strepoli,Gurdurr,Kampf,,Unova,V,1,,timburr,85,105,85,40,50,40,https://raw.githubusercontent.com/PokeAPI/sprites/master/sprites/pokemon/other/official-artwork/533.png,https://archives.bulbagarden.net/media/upload/9/94/0533Gurdurr.png
534,Meistagrif,Conkeldurr,Kampf,,Unova,V,2,,gurdurr,105,140,95,55,65,45,https://raw.githubusercontent.com/PokeAPI/sprites/master/sprites/pokemon/other/official-artwork/534.png,https://archives.bulbagarden.net/media/upload/9/9f/0534Conkeldurr.png
535,Schallquap,Tympole,Wasser,,Unova,V,0,,,50,50,40,50,40,64,https://raw.githubusercontent.com/PokeAPI/sprites/master/sprites/pokemon/other/official-artwork/535.png,https://archives.bulbagarden.net/media/upload/c/c0/0535Tympole.png
536,Mebrana,Palpitoad,Wasser,Boden,Unova,V,1,,tympole,75,65,55,65,55,69,https://raw.githubusercontent.com/PokeAPI/sprites/master/sprites/pokemon/other/official-artwork/536.png,https://archives.bulbagarden.net/media/upload/e/ea/0536Palpitoad.png
537,Branawarz,Seismitoad,Wasser,Boden,Unova,V,2,,palpitoad,105,95,75,85,75,74,https://raw.githubusercontent.com/PokeAPI/sprites/master/sprites/pokemon/other/official-artwork/537.png,https://archives.bulbagarden.net/media/upload/b/be/0537Seismitoad.png
538,Jiutesto,Throh,Kampf,,Unova,V,0,,,120,100,85,30,85,45,https://raw.githubusercontent.com/PokeAPI/sprites/master/sprites/pokemon/other/official-artwork/538.png,https://archives.bulbagarden.net/media/upload/6/68/0538Throh.png
539,Karadonis,Sawk,Kampf,,Unova,V,0,,,75,125,75,30,75,85,https://raw.githubusercontent.com/PokeAPI/sprites/master/sprites/pokemon/other/official-artwork/539.png,https://archives.bulbagarden.net/media/upload/7/77/0539Sawk.png
540,Strawickl,Sewaddle,Käfer,Pflanze,Unova,V,0,,,45,53,70,40,60,42,https://raw.githubusercontent.com/PokeAPI/sprites/master/sprites/pokemon/other/official-artwork/540.png,https://archives.bulbagarden.net/media/upload/e/e8/0540Sewaddle.png
541,Folikon,Swadloon,Käfer,Pflanze,Unova,V,1,,sewaddle,55,63,90,50,80,42,https://raw.githubusercontent.com/PokeAPI/sprites/master/sprites/pokemon/other/official-artwork/541.png,https://archives.bulbagarden.net/media/upload/9/9f/0541Swadloon.png
542,Matrifol,Leavanny,Käfer,Pflanze,Unova,V,2,,swadloon,75,103,80,70,80,92,https://raw.githubusercontent.com/PokeAPI/sprites/master/sprites/pokemon/other/official-artwork/542.png,https://archives.bulbagarden.net/media/upload/8/86/0542Leavanny.png
543,Toxiped,Venipede,Käfer,Gift,Unova,V,0,,,30,45,59,30,39,57,https://raw.githubusercontent.com/PokeAPI/sprites/master/sprites/pokemon/other/official-artwork/543.png,https://archives.bulbagarden.net/media/upload/9/97/0543Venipede.png
544,Rollum,Whirlipede,Käfer,Gift,Unova,V,1,,venipede,40,55,99,40,79,47,https://raw.githubusercontent.com/PokeAPI/sprites/master/sprites/pokemon/other/official-artwork/544.png,https://archives.bulbagarden.net/media/upload/0/0d/0544Whirlipede.png
545,Cerapendra,Scolipede,Käfer,Gift,Unova,V,2,,whirlipede,60,100,89,55,69,112,https://raw.githubusercontent.com/PokeAPI/sprites/master/sprites/pokemon/other/official-artwork/545.png,https://archives.bulbagarden.net/media/upload/b/b6/0545Scolipede.png
546,Waumboll,Cottonee,Pflanze,Fee,Unova,V,0,,,40,27,60,37,50,66,https://raw.githubusercontent.com/PokeAPI/sprites/master/sprites/pokemon/other/official-artwork/546.png,https://archives.bulbagarden.net/media/upload/6/6c/0546Cottonee.png
547,Elfun,Whimsicott,Pflanze,Fee,Unova,V,1,,cottonee,60,67,85,77,75,116,https://raw.githubusercontent.com/PokeAPI/sprites/master/sprites/pokemon/other/official-artwork/547.png,https://archives.bulbagarden.net/media/upload/2/2c/0547Whimsicott.png
548,Lilminip,Petilil,Pflanze,,Unova,V,0,,,45,35,50,70,50,30,https://raw.githubusercontent.com/PokeAPI/sprites/master/sprites/pokemon/other/official-artwork/548.png,https://archives.bulbagarden.net/media/upload/2/2f/0548Petilil.png
549,Dressella,Lilligant,Pflanze,,Unova,V,1,,petilil,70,60,75,110,75,90,https://raw.githubusercontent.com/PokeAPI/sprites/master/sprites/pokemon/other/official-artwork/549.png,https://archives.bulbagarden.net/media/upload/c/c1/0549Lilligant.png
550,Barschuft,Basculin,Wasser,,Unova,V,0,,,70,92,65,80,55,98,https://raw.githubusercontent.com/PokeAPI/sprites/master/sprites/pokemon/other/official-artwork/550.png,https://archives.bulbagarden.net/media/upload/9/93/0550Basculin.png
551,Ganovil,Sandile,Boden,Unlicht,Unova,V,0,,,50,72,35,35,35,65,https://raw.githubusercontent.com/PokeAPI/sprites/master/sprites/pokemon/other/official-artwork/551.png,https://archives.bulbagarden.net/media/upload/c/cb/0551Sandile.png
552,Rokkaiman,Krokorok,Boden,Unlicht,Unova,V,1,,sandile,60,82,45,45,45,74,https://raw.githubusercontent.com/PokeAPI/sprites/master/sprites/pokemon/other/official-artwork/552.png,https://archives.bulbagarden.net/media/upload/b/ba/0552Krokorok.png
553,Rabigator,Krookodile,Boden,Unlicht,Unova,V,2,,krokorok,95,117,80,65,70,92,https://raw.githubusercontent.com/PokeAPI/sprites/master/sprites/pokemon/other/official-artwork/553.png,https://archives.bulbagarden.net/media/upload/4/42/0553Krookodile.png
554,Flampion,Darumaka,Feuer,,Unova,V,0,,,70,90,45,15,45,50,https://raw.githubusercontent.com/PokeAPI/sprites/master/sprites/pokemon/other/official-artwork/554.png,https://archives.bulbagarden.net/media/upload/9/95/0554Darumaka.png
555,Flampivian,Darmanitan,Feuer,,Unova,V,1,,darumaka,105,140,55,30,55,95,https://raw.githubusercontent.com/PokeAPI/sprites/master/sprites/pokemon/other/official-artwork/555.png,https://archives.bulbagarden.net/media/upload/a/a3/0555Darmanitan.png
556,Maracamba,Maractus,Pflanze,,Unova,V,0,,,75,86,67,106,67,60,https://raw.githubusercontent.com/PokeAPI/sprites/master/sprites/pokemon/other/official-artwork/556.png,https://archives.bulbagarden.net/media/upload/1/16/0556Maractus.png
557,Lithomith,Dwebble,Käfer,Gestein,Unova,V,0,,,50,65,85,35,35,55,https://raw.githubusercontent.com/PokeAPI/sprites/master/sprites/pokemon/other/official-artwork/557.png,https://archives.bulbagarden.net/media/upload/d/d9/0557Dwebble.png
558,Castellith,Crustle,Käfer,Gestein,Unova,V,1,,dwebble,70,105,125,65,75,45,https://raw.githubusercontent.com/PokeAPI/sprites/master/sprites/pokemon/other/official-artwork/558.png,https://archives.bulbagarden.net/media/upload/a/a2/0558Crustle.png
559,Zurrokex,Scraggy,Unlicht,Kampf,Unova,V,0,,,50,75,70,35,70,48,https://raw.githubusercontent.com/PokeAPI/sprites/master/sprites/pokemon/other/official-artwork/559.png,https://archives.bulbagarden.net/media/upload/b/bd/0559Scraggy.png
560,Irokex,Scrafty,Unlicht,Kampf,Unova,V,1,,scraggy,65,90,115,45,115,58,https://raw.githubusercontent.com/PokeAPI/sprites/master/sprites/pokemon/other/official-artwork/560.png,https://archives.bulbagarden.net/media/upload/8/84/0560Scrafty.png
561,Symvolara,Sigilyph,Psycho,Flug,Unova,V,0,,,72,58,80,103,80,97,https://raw.githubusercontent.com/PokeAPI/sprites/master/sprites/pokemon/other/official-artwork/561.png,https://archives.bulbagarden.net/media/upload/a/a5/0561Sigilyph.png
562,Makabaja,Yamask,Geist,,Unova,V,0,,,38,30,85,55,65,30,https://raw.githubusercontent.com/PokeAPI/sprites/master/sprites/pokemon/other/official-artwork/562.png,https://archives.bulbagarden.net/media/upload/8/8b/0562Yamask.png
563,Echnatoll,Cofagrigus,Geist,,Unova,V,1,,yamask,58,50,145,95,105,30,https://raw.githubusercontent.com/PokeAPI/sprites/master/sprites/pokemon/other/official-artwork/563.png,https://archives.bulbagarden.net/media/upload/a/a0/0563Cofagrigus.png
564,Galapaflos,Tirtouga,Wasser,Gestein,Unova,V,0,,,54,78,103,53,45,22,https://raw.githubusercontent.com/PokeAPI/sprites/master/sprites/pokemon/other/official-artwork/564.png,https://archives.bulbagarden.net/media/upload/c/cd/0564Tirtouga.png
565,Karippas,Carracosta,Wasser,Gestein,Unova,V,1,,tirtouga,74,108,133,83,65,32,https://raw.githubusercontent.com/PokeAPI/sprites/master/sprites/pokemon/other/official-artwork/565.png,https://archives.bulbagarden.net/media/upload/b/b9/0565Carracosta.png
566,Flapteryx,Archen,Gestein,Flug,Unova,V,0,,,55,112,45,74,45,70,https://raw.githubusercontent.com/PokeAPI/sprites/master/sprites/pokemon/other/official-artwork/566.png,https://archives.bulbagarden.net/media/upload/6/6d/0566Archen.png
567,Aeropteryx,Archeops,Gestein,Flug,Unova,V,1,,archen,75,140,65,112,65,110,https://raw.githubusercontent.com/PokeAPI/sprites/master/sprites/pokemon/other/official-artwork/567.png,https://archives.bulbagarden.net/media/upload/c/c5/0567Archeops.png
568,Unratütox,Trubbish,Gift,,Unova,V,0,,,50,50,62,40,62,65,https://raw.githubusercontent.com/PokeAPI/sprites/master/sprites/pokemon/other/official-artwork/568.png,https://archives.bulbagarden.net/media/upload/c/c4/0568Trubbish.png
569,Deponitox,Garbodor,Gift,,Unova,V,1,,trubbish,80,95,82,60,82,75,https://raw.githubusercontent.com/PokeAPI/sprites/master/sprites/pokemon/other/official-artwork/569.png,https://archives.bulbagarden.net/media/upload/c/cf/0569Garbodor.png
570,Zorua,Zorua,Unlicht,,Unova,V,0,,,40,65,40,80,40,65,https://raw.githubusercontent.com/PokeAPI/sprites/master/sprites/pokemon/other/official-artwork/570.png,https://archives.bulbagarden.net/media/upload/0/0d/0570Zorua.png
571,Zoroark,Zoroark,Unlicht,,Unova,V,1,,zorua,60,105,60,120,60,105,https://raw.githubusercontent.com/PokeAPI/sprites/master/sprites/pokemon/other/official-artwork/571.png,https://archives.bulbagarden.net/media/upload/5/52/0571Zoroark.png
572,Picochilla,Minccino,Normal,,Unova,V,0,,,55,50,40,40,40,75,https://raw.githubusercontent.com/PokeAPI/sprites/master/sprites/pokemon/other/official-artwork/572.png,https://archives.bulbagarden.net/media/upload/8/8b/0572Minccino.png
573,Chillabell,Cinccino,Normal,,Unova,V,1,,minccino,75,95,60,65,60,115,https://raw.githubusercontent.com/PokeAPI/sprites/master/sprites/pokemon/other/official-artwork/573.png,https://archives.bulbagarden.net/media/upload/4/49/0573Cinccino.png
574,Mollimorba,Gothita,Psycho,,Unova,V,0,,,45,30,50,55,65,45,https://raw.githubusercontent.com/PokeAPI/sprites/master/sprites/pokemon/other/official-artwork/574.png,https://archives.bulbagarden.net/media/upload/a/ab/0574Gothita.png
575,Hypnomorba,Gothorita,Psycho,,Unova,V,1,,gothita,60,45,70,75,85,55,https://raw.githubusercontent.com/PokeAPI/sprites/master/sprites/pokemon/other/official-artwork/575.png,https://archives.bulbagarden.net/media/upload/2/26/0575Gothorita.png
576,Morbitesse,Gothitelle,Psycho,,Unova,V,2,,gothorita,70,55,95,95,110,65,https://raw.githubusercontent.com/PokeAPI/sprites/master/sprites/pokemon/other/official-artwork/576.png,https://archives.bulbagarden.net/media/upload/d/d2/0576Gothitelle.png
577,Monozyto,Solosis,Psycho,,Unova,V,0,,,45,30,40,105,50,20,https://raw.githubusercontent.com/PokeAPI/sprites/master/sprites/pokemon/other/official-artwork/577.png,https://archives.bulbagarden.net/media/upload/f/f2/0577Solosis.png
578,Mitodos,Duosion,Psycho,,Unova,V,1,,solosis,65,40,50,125,60,30,https://raw.githubusercontent.com/PokeAPI/sprites/master/sprites/pokemon/other/official-artwork/578.png,https://archives.bulbagarden.net/media/upload/1/10/0578Duosion.png
579,Zytomega,Reuniclus,Psycho,,Unova,V,2,,duosion,110,65,75,125,85,30,https://raw.githubusercontent.com/PokeAPI/sprites/master/sprites/pokemon/other/official-artwork/579.png,https://archives.bulbagarden.net/media/upload/1/1a/0579Reuniclus.png
580,Piccolente,Ducklett,Wasser,Flug,Unova,V,0,,,62,44,50,44,50,55,https://raw.githubusercontent.com/PokeAPI/sprites/master/sprites/pokemon/other/official-artwork/580.png,https://archives.bulbagarden.net/media/upload/2/2e/0580Ducklett.png
581,Swaroness,Swanna,Wasser,Flug,Unova,V,1,,ducklett,75,87,63,87,63,98,https://raw.githubusercontent.com/PokeAPI/sprites/master/sprites/pokemon/other/official-artwork/581.png,https://archives.bulbagarden.net/media/upload/1/16/0581Swanna.png
582,Gelatini,Vanillite,Eis,,Unova,V,0,,,36,50,50,65,60,44,https://raw.githubusercontent.com/PokeAPI/sprites/master/sprites/pokemon/other/official-artwork/582.png,https://archives.bulbagarden.net/media/upload/1/1a/0582Vanillite.png
583,Gelatroppo,Vanillish,Eis,,Unova,V,1,,vanillite,51,65,65,80,75,59,https://raw.githubusercontent.com/PokeAPI/sprites/master/sprites/pokemon/other/official-artwork/583.png,https://archives.bulbagarden.net/media/upload/6/66/0583Vanillish.png
584,Gelatwino,Vanilluxe,Eis,,Unova,V,2,,vanillish,71,95,85,110,95,79,https://raw.githubusercontent.com/PokeAPI/sprites/master/sprites/pokemon/other/official-artwork/584.png,https://archives.bulbagarden.net/media/upload/b/b0/0584Vanilluxe.png
585,Sesokitz,Deerling,Normal,Pflanze,Unova,V,0,,,60,60,50,40,50,75,https://raw.githubusercontent.com/PokeAPI/sprites/master/sprites/pokemon/other/official-artwork/585.png,https://archives.bulbagarden.net/media/upload/c/c9/0585Deerling.png
586,Kronjuwild,Sawsbuck,Normal,Pflanze,Unova,V,1,,deerling,80,100,70,60,70,95,https://raw.githubusercontent.com/PokeAPI/sprites/master/sprites/pokemon/other/official-artwork/586.png,https://archives.bulbagarden.net/media/upload/b/ba/0586Sawsbuck.png
587,Emolga,Emolga,Elektro,Flug,Unova,V,0,,,55,75,60,75,60,103,https://raw.githubusercontent.com/PokeAPI/sprites/master/sprites/pokemon/other/official-artwork/587.png,https://archives.bulbagarden.net/media/upload/9/96/0587Emolga.png
588,Laukaps,Karrablast,Käfer,,Unova,V,0,,,50,75,45,40,45,60,https://raw.githubusercontent.com/PokeAPI/sprites/master/sprites/pokemon/other/official-artwork/588.png,https://archives.bulbagarden.net/media/upload/6/6b/0588Karrablast.png
589,Cavalanzas,Escavalier,Käfer,Stahl,Unova,V,1,,karrablast,70,135,105,60,105,20,https://raw.githubusercontent.com/PokeAPI/sprites/master/sprites/pokemon/other/official-artwork/589.png,https://archives.bulbagarden.net/media/upload/2/26/0589Escavalier.png
590,Tarnpignon,Foongus,Pflanze,Gift,Unova,V,0,,,69,55,45,55,55,15,https://raw.githubusercontent.com/PokeAPI/sprites/master/sprites/pokemon/other/official-artwork/590.png,https://archives.bulbagarden.net/media/upload/b/bf/0590Foongus.png
591,Hutsassa,Amoonguss,Pflanze,Gift,Unova,V,1,,foongus,114,85,70,85,80,30,https://raw.githubusercontent.com/PokeAPI/sprites/master/sprites/pokemon/other/official-artwork/591.png,https://archives.bulbagarden.net/media/upload/1/15/0591Amoonguss.png
592,Quabbel,Frillish,Wasser,Geist,Unova,V,0,,,55,40,50,65,85,40,https://raw.githubusercontent.com/PokeAPI/sprites/master/sprites/pokemon/other/official-artwork/592.png,https://archives.bulbagarden.net/media/upload/a/a9/0592Frillish.png
593,Apoquallyp,Jellicent,Wasser,Geist,Unova,V,1,,frillish,100,60,70,85,105,60,https://raw.githubusercontent.com/PokeAPI/sprites/master/sprites/pokemon/other/official-artwork/593.png,https://archives.bulbagarden.net/media/upload/a/a7/0593Jellicent.png
594,Mamolida,Alomomola,Wasser,,Unova,V,0,,,165,75,80,40,45,65,https://raw.githubusercontent.com/PokeAPI/sprites/master/sprites/pokemon/other/official-artwork/594.png,https://archives.bulbagarden.net/media/upload/f/f7/0594Alomomola.png
595,Wattzapf,Joltik,Käfer,Elektro,Unova,V,0,,,50,47,50,57,50,65,https://raw.githubusercontent.com/PokeAPI/sprites/master/sprites/pokemon/other/official-artwork/595.png,https://archives.bulbagarden.net/media/upload/e/e7/0595Joltik.png
596,Voltula,Galvantula,Käfer,Elektro,Unova,V,1,,joltik,70,77,60,97,60,108,https://raw.githubusercontent.com/PokeAPI/sprites/master/sprites/pokemon/other/official-artwork/596.png,https://archives.bulbagarden.net/media/upload/2/2d/0596Galvantula.png
597,Kastadur,Ferroseed,Pflanze,Stahl,Unova,V,0,,,44,50,91,24,86,10,https://raw.githubusercontent.com/PokeAPI/sprites/master/sprites/pokemon/other/official-artwork/597.png,https://archives.bulbagarden.net/media/upload/8/89/0597Ferroseed.png
598,Tentantel,Ferrothorn,Pflanze,Stahl,Unova,V,1,,ferroseed,74,94,131,54,116,20,https://raw.githubusercontent.com/PokeAPI/sprites/master/sprites/pokemon/other/official-artwork/598.png,https://archives.bulbagarden.net/media/upload/b/b1/0598Ferrothorn.png
599,Klikk,Klink,Stahl,,Unova,V,0,,,40,55,70,45,60,30,https://raw.githubusercontent.com/PokeAPI/sprites/master/sprites/pokemon/other/official-artwork/599.png,https://archives.bulbagarden.net/media/upload/2/21/0599Klink.png
600,Kliklak,Klang,Stahl,,Unova,V,1,,klink,60,80,95,70,85,50,https://raw.githubusercontent.com/PokeAPI/sprites/master/sprites/pokemon/other/official-artwork/600.png,https://archives.bulbagarden.net/media/upload/6/62/0600Klang.png
601,Klikdiklak,Klinklang,Stahl,,Unova,V,2,,klang,60,100,115,70,85,90,https://raw.githubusercontent.com/PokeAPI/sprites/master/sprites/pokemon/other/official-artwork/601.png,https://archives.bulbagarden.net/media/upload/1/1f/0601Klinklang.png
602,Zapplardin,Tynamo,Elektro,,Unova,V,0,,,35,55,40,45,40,60,https://raw.githubusercontent.com/PokeAPI/sprites/master/sprites/pokemon/other/official-artwork/602.png,https://archives.bulbagarden.net/media/upload/8/8a/0602Tynamo.png
603,Zapplalek,Eelektrik,Elektro,,Unova,V,1,,tynamo,65,85,70,75,70,40,https://raw.githubusercontent.com/PokeAPI/sprites/master/sprites/pokemon/other/official-artwork/603.png,https://archives.bulbagarden.net/media/upload/9/94/0603Eelektrik.png
604,Zapplarang,Eelektross,Elektro,,Unova,V,2,,eelektrik,85,115,80,105,80,50,https://raw.githubusercontent.com/PokeAPI/sprites/master/sprites/pokemon/other/official-artwork/604.png,https://archives.bulbagarden.net/media/upload/1/1c/0604Eelektross.png
605,Pygraulon,Elgyem,Psycho,,Unova,V,0,,,55,55,55,85,55,30,https://raw.githubusercontent.com/PokeAPI/sprites/master/sprites/pokemon/other/official-artwork/605.png,https://archives.bulbagarden.net/media/upload/7/77/0605Elgyem.png
606,Megalon,Beheeyem,Psycho,,Unova,V,1,,elgyem,75,75,75,125,95,40,https://raw.githubusercontent.com/PokeAPI/sprites/master/sprites/pokemon/other/official-artwork/606.png,https://archives.bulbagarden.net/media/upload/9/99/0606Beheeyem.png
607,Lichtel,Litwick,Geist,Feuer,Unova,V,0,,,50,30,55,65,55,20,https://raw.githubusercontent.com/PokeAPI/sprites/master/sprites/pokemon/other/official-artwork/607.png,https://archives.bulbagarden.net/media/upload/c/cf/0607Litwick.png
608,Laternecto,Lampent,Geist,Feuer,Unova,V,1,,litwick,60,40,60,95,60,55,https://raw.githubusercontent.com/PokeAPI/sprites/master/sprites/pokemon/other/official-artwork/608.png,https://archives.bulbagarden.net/media/upload/c/c1/0608Lampent.png
609,Skelabra,Chandelure,Geist,Feuer,Unova,V,2,,lampent,60,55,90,145,90,80,https://raw.githubusercontent.com/PokeAPI/sprites/master/sprites/pokemon/other/official-artwork/609.png,https://archives.bulbagarden.net/media/upload/9/97/0609Chandelure.png
610,Milza,Axew,Drache,,Unova,V,0,,,46,87,60,30,40,57,https://raw.githubusercontent.com/PokeAPI/sprites/master/sprites/pokemon/other/official-artwork/610.png,https://archives.bulbagarden.net/media/upload/0/00/0610Axew.png
611,Sharfax,Fraxure,Drache,,Unova,V,1,,axew,66,117,70,40,50,67,https://raw.githubusercontent.com/PokeAPI/sprites/master/sprites/pokemon/other/official-artwork/611.png,https://archives.bulbagarden.net/media/upload/2/2c/0611Fraxure.png
612,Maxax,Haxorus,Drache,,Unova,V,2,,fraxure,76,147,90,60,70,97,https://raw.githubusercontent.com/PokeAPI/sprites/master/sprites/pokemon/other/official-artwork/612.png,https://archives.bulbagarden.net/media/upload/b/bf/0612Haxorus.png
613,Petznief,Cubchoo,Eis,,Unova,V,0,,,55,70,40,60,40,40,https://raw.githubusercontent.com/PokeAPI/sprites/master/sprites/pokemon/other/official-artwork/613.png,https://archives.bulbagarden.net/media/upload/f/fc/0613Cubchoo.png
614,Siberio,Beartic,Eis,,Unova,V,1,,cubchoo,95,130,80,70,80,50,https://raw.githubusercontent.com/PokeAPI/sprites/master/sprites/pokemon/other/official-artwork/614.png,https://archives.bulbagarden.net/media/upload/a/a6/0614Beartic.png
615,Frigometri,Cryogonal,Eis,,Unova,V,0,,,80,50,50,95,135,105,https://raw.githubusercontent.com/PokeAPI/sprites/master/sprites/pokemon/other/official-artwork/615.png,https://archives.bulbagarden.net/media/upload/8/84/0615Cryogonal.png
616,Schnuthelm,Shelmet,Käfer,,Unova,V,0,,,50,40,85,40,65,25,https://raw.githubusercontent.com/PokeAPI/sprites/master/sprites/pokemon/other/official-artwork/616.png,https://archives.bulbagarden.net/media/upload/d/d6/0616Shelmet.png
617,Hydragil,Accelgor,Käfer,,Unova,V,1,,shelmet,80,70,40,100,60,145,https://raw.githubusercontent.com/PokeAPI/sprites/master/sprites/pokemon/other/official-artwork/617.png,https://archives.bulbagarden.net/media/upload/f/f4/0617Accelgor.png
618,Flunschlik,Stunfisk,Boden,Elektro,Unova,V,0,,,109,66,84,81,99,32,https://raw.githubusercontent.com/PokeAPI/sprites/master/sprites/pokemon/other/official-artwork/618.png,https://archives.bulbagarden.net/media/upload/7/7b/0618Stunfisk.png
619,Lin-Fu,Mienfoo,Kampf,,Unova,V,0,,,45,85,50,55,50,65,https://raw.githubusercontent.com/PokeAPI/sprites/master/sprites/pokemon/other/official-artwork/619.png,https://archives.bulbagarden.net/media/upload/7/74/0619Mienfoo.png
620,Wie-Shu,Mienshao,Kampf,,Unova,V,1,,mienfoo,65,125,60,95,60,105,https://raw.githubusercontent.com/PokeAPI/sprites/master/sprites/pokemon/other/official-artwork/620.png,https://archives.bulbagarden.net/media/upload/f/f1/0620Mienshao.png
621,Shardrago,Druddigon,Drache,,Unova,V,0,,,77,120,90,60,90,48,https://raw.githubusercontent.com/PokeAPI/sprites/master/sprites/pokemon/other/official-artwork/621.png,https://archives.bulbagarden.net/media/upload/c/c5/0621Druddigon.png
622,Golbit,Golett,Boden,Geist,Unova,V,0,,,59,74,50,35,50,35,https://raw.githubusercontent.com/PokeAPI/sprites/master/sprites/pokemon/other/official-artwork/622.png,https://archives.bulbagarden.net/media/upload/e/e1/0622Golett.png
623,Golgantes,Golurk,Boden,Geist,Unova,V,1,,golett,89,124,80,55,80,55,https://raw.githubusercontent.com/PokeAPI/sprites/master/sprites/pokemon/other/official-artwork/623.png,https://archives.bulbagarden.net/media/upload/d/de/0623Golurk.png
624,Gladiantri,Pawniard,Unlicht,Stahl,Unova,V,0,,,45,85,70,40,40,60,https://raw.githubusercontent.com/PokeAPI/sprites/master/sprites/pokemon/other/official-artwork/624.png,https://archives.bulbagarden.net/media/upload/8/8c/0624Pawniard.png
625,Caesurio,Bisharp,Unlicht,Stahl,Unova,V,1,,pawniard,65,125,100,60,70,70,https://raw.githubusercontent.com/PokeAPI/sprites/master/sprites/pokemon/other/official-artwork/625.png,https://archives.bulbagarden.net/media/upload/6/6b/0625Bisharp.png
626,Bisofank,Bouffalant,Normal,,Unova,V,0,,,95,110,95,40,95,55,https://raw.githubusercontent.com/PokeAPI/sprites/master/sprites/pokemon/other/official-artwork/626.png,https://archives.bulbagarden.net/media/upload/e/ed/0626Bouffalant.png
627,Geronimatz,Rufflet,Normal,Flug,Unova,V,0,,,70,83,50,37,50,60,https://raw.githubusercontent.com/PokeAPI/sprites/master/sprites/pokemon/other/official-artwork/627.png,https://archives.bulbagarden.net/media/upload/2/2d/0627Rufflet.png
628,Washakwil,Braviary,Normal,Flug,Unova,V,1,,rufflet,100,123,75,57,75,80,https://raw.githubusercontent.com/PokeAPI/sprites/master/sprites/pokemon/other/official-artwork/628.png,https://archives.bulbagarden.net/media/upload/2/22/0628Braviary.png
629,Skallyk,Vullaby,Unlicht,Flug,Unova,V,0,,,70,55,75,45,65,60,https://raw.githubusercontent.com/PokeAPI/sprites/master/sprites/pokemon/other/official-artwork/629.png,https://archives.bulbagarden.net/media/upload/e/ed/0629Vullaby.png
630,Grypheldis,Mandibuzz,Unlicht,Flug,Unova,V,1,,vullaby,110,65,105,55,95,80,https://raw.githubusercontent.com/PokeAPI/sprites/master/sprites/pokemon/other/official-artwork/630.png,https://archives.bulbagarden.net/media/upload/f/f1/0630Mandibuzz.png
631,Furnifraß,Heatmor,Feuer,,Unova,V,0,,,85,97,66,105,66,65,https://raw.githubusercontent.com/PokeAPI/sprites/master/sprites/pokemon/other/official-artwork/631.png,https://archives.bulbagarden.net/media/upload/3/33/0631Heatmor.png
632,Fermicula,Durant,Käfer,Stahl,Unova,V,0,,,58,109,112,48,48,109,https://raw.githubusercontent.com/PokeAPI/sprites/master/sprites/pokemon/other/official-artwork/632.png,https://archives.bulbagarden.net/media/upload/b/bd/0632Durant.png
633,Kapuno,Deino,Unlicht,Drache,Unova,V,0,,,52,65,50,45,50,38,https://raw.githubusercontent.com/PokeAPI/sprites/master/sprites/pokemon/other/official-artwork/633.png,https://archives.bulbagarden.net/media/upload/6/60/0633Deino.png
634,Duodino,Zweilous,Unlicht,Drache,Unova,V,1,,deino,72,85,70,65,70,58,https://raw.githubusercontent.com/PokeAPI/sprites/master/sprites/pokemon/other/official-artwork/634.png,https://archives.bulbagarden.net/media/upload/7/74/0634Zweilous.png
635,Trikephalo,Hydreigon,Unlicht,Drache,Unova,V,2,,zweilous,92,105,90,125,90,98,https://raw.githubusercontent.com/PokeAPI/sprites/master/sprites/pokemon/other/official-artwork/635.png,https://archives.bulbagarden.net/media/upload/9/92/0635Hydreigon.png
636,Ignivor,Larvesta,Käfer,Feuer,Unova,V,0,,,55,85,55,50,55,60,https://raw.githubusercontent.com/PokeAPI/sprites/master/sprites/pokemon/other/official-artwork/636.png,https://archives.bulbagarden.net/media/upload/3/33/0636Larvesta.png
637,Ramoth,Volcarona,Käfer,Feuer,Unova,V,1,,larvesta,85,60,65,135,105,100,https://raw.githubusercontent.com/PokeAPI/sprites/master/sprites/pokemon/other/official-artwork/637.png,https://archives.bulbagarden.net/media/upload/0/09/0637Volcarona.png
638,Kobalium,Cobalion,Stahl,Kampf,Unova,V,0,,,91,90,129,90,72,108,https://raw.githubusercontent.com/PokeAPI/sprites/master/sprites/pokemon/other/official-artwork/638.png,https://archives.bulbagarden.net/media/upload/9/9e/0638Cobalion.png
639,Terrakium,Terrakion,Gestein,Kampf,Unova,V,0,,,91,129,90,72,90,108,https://raw.githubusercontent.com/PokeAPI/sprites/master/sprites/pokemon/other/official-artwork/639.png,https://archives.bulbagarden.net/media/upload/6/6b/0639Terrakion.png
640,Viridium,Virizion,Pflanze,Kampf,Unova,V,0,,,91,90,72,90,129,108,https://raw.githubusercontent.com/PokeAPI/sprites/master/sprites/pokemon/other/official-artwork/640.png,https://archives.bulbagarden.net/media/upload/b/bf/0640Virizion.png
641,Boreos,Tornadus,Flug,,Unova,V,0,,,79,115,70,125,80,111,https://raw.githubusercontent.com/PokeAPI/sprites/master/sprites/pokemon/other/official-artwork/641.png,https://archives.bulbagarden.net/media/upload/1/12/0641Tornadus.png
642,Voltolos,Thundurus,Elektro,Flug,Unova,V,0,,,79,115,70,125,80,111,https://raw.githubusercontent.com/PokeAPI/sprites/master/sprites/pokemon/other/official-artwork/642.png,https://archives.bulbagarden.net/media/upload/5/51/0642Thundurus.png
643,Reshiram,Reshiram,Drache,Feuer,Unova,V,0,,,100,120,100,150,120,90,https://raw.githubusercontent.com/PokeAPI/sprites/master/sprites/pokemon/other/official-artwork/643.png,https://archives.bulbagarden.net/media/upload/5/56/0643Reshiram.png
644,Zekrom,Zekrom,Drache,Elektro,Unova,V,0,,,100,150,120,120,100,90,https://raw.githubusercontent.com/PokeAPI/sprites/master/sprites/pokemon/other/official-artwork/644.png,https://archives.bulbagarden.net/media/upload/7/72/0644Zekrom.png
645,Demeteros,Landorus,Boden,Flug,Unova,V,0,,,89,125,90,115,80,101,https://raw.githubusercontent.com/PokeAPI/sprites/master/sprites/pokemon/other/official-artwork/645.png,https://archives.bulbagarden.net/media/upload/d/da/0645Landorus.png
646,Kyurem,Kyurem,Drache,Eis,Unova,V,0,,,125,130,90,130,90,95,https://raw.githubusercontent.com/PokeAPI/sprites/master/sprites/pokemon/other/official-artwork/646.png,https://archives.bulbagarden.net/media/upload/8/86/0646Kyurem.png
647,Keldeo,Keldeo,Wasser,Kampf,Unova,V,0,,,91,72,90,129,90,108,https://raw.githubusercontent.com/PokeAPI/sprites/master/sprites/pokemon/other/official-artwork/647.png,https://archives.bulbagarden.net/media/upload/9/92/0647Keldeo.png
648,Meloetta,Meloetta,Normal,Psycho,Unova,V,0,,,100,77,77,128,128,90,https://raw.githubusercontent.com/PokeAPI/sprites/master/sprites/pokemon/other/official-artwork/648.png,https://archives.bulbagarden.net/media/upload/0/0b/0648Meloetta.png
649,Genesect,Genesect,Käfer,Stahl,Unova,V,0,,,71,120,95,120,95,99,https://raw.githubusercontent.com/PokeAPI/sprites/master/sprites/pokemon/other/official-artwork/649.png,https://archives.bulbagarden.net/media/upload/e/e3/0649Genesect.png
650,Igamaro,Chespin,Pflanze,,Kalos,VI,0,,,56,61,65,48,45,38,https://raw.githubusercontent.com/PokeAPI/sprites/master/sprites/pokemon/other/official-artwork/650.png,https://archives.bulbagarden.net/media/upload/b/b0/0650Chespin.png
651,Igastarnish,Quilladin,Pflanze,,Kalos,VI,1,,chespin,61,78,95,56,58,57,https://raw.githubusercontent.com/PokeAPI/sprites/master/sprites/pokemon/other/official-artwork/651.png,https://archives.bulbagarden.net/media/upload/2/24/0651Quilladin.png
652,Brigaron,Chesnaught,Pflanze,Kampf,Kalos,VI,2,,quilladin,88,107,122,74,75,64,https://raw.githubusercontent.com/PokeAPI/sprites/master/sprites/pokemon/other/official-artwork/652.png,https://archives.bulbagarden.net/media/upload/d/db/0652Chesnaught.png
653,Fynx,Fennekin,Feuer,,Kalos,VI,0,,,40,45,40,62,60,60,https://raw.githubusercontent.com/PokeAPI/sprites/master/sprites/pokemon/other/official-artwork/653.png,https://archives.bulbagarden.net/media/upload/4/46/0653Fennekin.png
654,Rutena,Braixen,Feuer,,Kalos,VI,1,,fennekin,59,59,58,90,70,73,https://raw.githubusercontent.com/PokeAPI/sprites/master/sprites/pokemon/other/official-artwork/654.png,https://archives.bulbagarden.net/media/upload/4/4b/0654Braixen.png
655,Fennexis,Delphox,Feuer,Psycho,Kalos,VI,2,,braixen,75,69,72,114,100,104,https://raw.githubusercontent.com/PokeAPI/sprites/master/sprites/pokemon/other/official-artwork/655.png,https://archives.bulbagarden.net/media/upload/0/01/0655Delphox.png
656,Froxy,Froakie,Wasser,,Kalos,VI,0,,,41,56,40,62,44,71,https://raw.githubusercontent.com/PokeAPI/sprites/master/sprites/pokemon/other/official-artwork/656.png,https://archives.bulbagarden.net/media/upload/0/04/0656Froakie.png
657,Amphizel,Frogadier,Wasser,,Kalos,VI,1,,froakie,54,63,52,83,56,97,https://raw.githubusercontent.com/PokeAPI/sprites/master/sprites/pokemon/other/official-artwork/657.png,https://archives.bulbagarden.net/media/upload/8/8e/0657Frogadier.png
658,Quajutsu,Greninja,Wasser,Unlicht,Kalos,VI,2,,frogadier,72,95,67,103,71,122,https://raw.githubusercontent.com/PokeAPI/sprites/master/sprites/pokemon/other/official-artwork/658.png,https://archives.bulbagarden.net/media/upload/d/d9/0658Greninja.png
659,Scoppel,Bunnelby,Normal,,Kalos,VI,0,,,38,36,38,32,36,57,https://raw.githubusercontent.com/PokeAPI/sprites/master/sprites/pokemon/other/official-artwork/659.png,https://archives.bulbagarden.net/media/upload/d/d0/0659Bunnelby.png
660,Grebbit,Diggersby,Normal,Boden,Kalos,VI,1,,bunnelby,85,56,77,50,77,78,https://raw.githubusercontent.com/PokeAPI/sprites/master/sprites/pokemon/other/official-artwork/660.png,https://archives.bulbagarden.net/media/upload/d/df/0660Diggersby.png
661,Dartiri,Fletchling,Normal,Flug,Kalos,VI,0,,,45,50,43,40,38,62,https://raw.githubusercontent.com/PokeAPI/sprites/master/sprites/pokemon/other/official-artwork/661.png,https://archives.bulbagarden.net/media/upload/f/fd/0661Fletchling.png
662,Dartignis,Fletchinder,Feuer,Flug,Kalos,VI,1,,fletchling,62,73,55,56,52,84,https://raw.githubusercontent.com/PokeAPI/sprites/master/sprites/pokemon/other/official-artwork/662.png,https://archives.bulbagarden.net/media/upload/0/02/0662Fletchinder.png
663,Fiaro,Talonflame,Feuer,Flug,Kalos,VI,2,,fletchinder,78,81,71,74,69,126,https://raw.githubusercontent.com/PokeAPI/sprites/master/sprites/pokemon/other/official-artwork/663.png,https://archives.bulbagarden.net/media/upload/1/12/0663Talonflame.png
664,Purmel,Scatterbug,Käfer,,Kalos,VI,0,,,38,35,40,27,25,35,https://raw.githubusercontent.com/PokeAPI/sprites/master/sprites/pokemon/other/official-artwork/664.png,https://archives.bulbagarden.net/media/upload/1/19/0664Scatterbug.png
665,Puponcho,Spewpa,Käfer,,Kalos,VI,1,,scatterbug,45,22,60,27,30,29,https://raw.githubusercontent.com/PokeAPI/sprites/master/sprites/pokemon/other/official-artwork/665.png,https://archives.bulbagarden.net/media/upload/3/33/0665Spewpa.png
666,Vivillon,Vivillon,Käfer,Flug,Kalos,VI,2,,spewpa,80,52,50,90,50,89,https://raw.githubusercontent.com/PokeAPI/sprites/master/sprites/pokemon/other/official-artwork/666.png,https://archives.bulbagarden.net/media/upload/c/c9/0666Vivillon.png
667,Leufeo,Litleo,Feuer,Normal,Kalos,VI,0,,,62,50,58,73,54,72,https://raw.githubusercontent.com/PokeAPI/sprites/master/sprites/pokemon/other/official-artwork/667.png,https://archives.bulbagarden.net/media/upload/2/2d/0667Litleo.png
668,Pyroleo,Pyroar,Feuer,Normal,Kalos,VI,1,,litleo,86,68,72,109,66,106,https://raw.githubusercontent.com/PokeAPI/sprites/master/sprites/pokemon/other/official-artwork/668.png,https://archives.bulbagarden.net/media/upload/8/8a/0668Pyroar.png
669,Flabébé,Flabébé,Fee,,Kalos,VI,0,,,44,38,39,61,79,42,https://raw.githubusercontent.com/PokeAPI/sprites/master/sprites/pokemon/other/official-artwork/669.png,https://archives.bulbagarden.net/media/upload/5/5d/0669Flab%C3%A9b%C3%A9.png
670,Floette,Floette,Fee,,Kalos,VI,1,,flabebe,54,45,47,75,98,52,https://raw.githubusercontent.com/PokeAPI/sprites/master/sprites/pokemon/other/official-artwork/670.png,https://archives.bulbagarden.net/media/upload/8/8f/0670Floette.png
671,Florges,Florges,Fee,,Kalos,VI,2,,floette,78,65,68,112,154,75,https://raw.githubusercontent.com/PokeAPI/sprites/master/sprites/pokemon/other/official-artwork/671.png,https://archives.bulbagarden.net/media/upload/0/0c/0671Florges.png
672,Mähikel,Skiddo,Pflanze,,Kalos,VI,0,,,66,65,48,62,57,52,https://raw.githubusercontent.com/PokeAPI/sprites/master/sprites/pokemon/other/official-artwork/672.png,https://archives.bulbagarden.net/media/upload/e/e8/0672Skiddo.png
673,Chevrumm,Gogoat,Pflanze,,Kalos,VI,1,,skiddo,123,100,62,97,81,68,https://raw.githubusercontent.com/PokeAPI/sprites/master/sprites/pokemon/other/official-artwork/673.png,https://archives.bulbagarden.net/media/upload/e/ec/0673Gogoat.png
674,Pam-Pam,Pancham,Kampf,,Kalos,VI,0,,,67,82,62,46,48,43,https://raw.githubusercontent.com/PokeAPI/sprites/master/sprites/pokemon/other/official-artwork/674.png,https://archives.bulbagarden.net/media/upload/8/89/0674Pancham.png
675,Pandagro,Pangoro,Kampf,Unlicht,Kalos,VI,1,,pancham,95,124,78,69,71,58,https://raw.githubusercontent.com/PokeAPI/sprites/master/sprites/pokemon/other/official-artwork/675.png,https://archives.bulbagarden.net/media/upload/b/b8/0675Pangoro.png
676,Coiffwaff,Furfrou,Normal,,Kalos,VI,0,,,75,80,60,65,90,102,https://raw.githubusercontent.com/PokeAPI/sprites/master/sprites/pokemon/other/official-artwork/676.png,https://archives.bulbagarden.net/media/upload/2/29/0676Furfrou.png
677,Psiau,Espurr,Psycho,,Kalos,VI,0,,,62,48,54,63,60,68,https://raw.githubusercontent.com/PokeAPI/sprites/master/sprites/pokemon/other/official-artwork/677.png,https://archives.bulbagarden.net/media/upload/1/1e/0677Espurr.png
678,Psiaugon,Meowstic,Psycho,,Kalos,VI,1,,espurr,74,48,76,83,81,104,https://raw.githubusercontent.com/PokeAPI/sprites/master/sprites/pokemon/other/official-artwork/678.png,https://archives.bulbagarden.net/media/upload/9/92/0678Meowstic.png
679,Gramokles,Honedge,Stahl,Geist,Kalos,VI,0,,,45,80,100,35,37,28,https://raw.githubusercontent.com/PokeAPI/sprites/master/sprites/pokemon/other/official-artwork/679.png,https://archives.bulbagarden.net/media/upload/4/48/0679Honedge.png
680,Duokles,Doublade,Stahl,Geist,Kalos,VI,1,,honedge,59,110,150,45,49,35,https://raw.githubusercontent.com/PokeAPI/sprites/master/sprites/pokemon/other/official-artwork/680.png,https://archives.bulbagarden.net/media/upload/d/de/0680Doublade.png
681,Durengard,Aegislash,Stahl,Geist,Kalos,VI,2,,doublade,60,50,140,50,140,60,https://raw.githubusercontent.com/PokeAPI/sprites/master/sprites/pokemon/other/official-artwork/681.png,https://archives.bulbagarden.net/media/upload/5/5e/0681Aegislash.png
682,Parfi,Spritzee,Fee,,Kalos,VI,0,,,78,52,60,63,65,23,https://raw.githubusercontent.com/PokeAPI/sprites/master/sprites/pokemon/other/official-artwork/682.png,https://archives.bulbagarden.net/media/upload/5/58/0682Spritzee.png
683,Parfinesse,Aromatisse,Fee,,Kalos,VI,1,,spritzee,101,72,72,99,89,29,https://raw.githubusercontent.com/PokeAPI/sprites/master/sprites/pokemon/other/official-artwork/683.png,https://archives.bulbagarden.net/media/upload/e/e3/0683Aromatisse.png
684,Flauschling,Swirlix,Fee,,Kalos,VI,0,,,62,48,66,59,57,49,https://raw.githubusercontent.com/PokeAPI/sprites/master/sprites/pokemon/other/official-artwork/684.png,https://archives.bulbagarden.net/media/upload/a/a7/0684Swirlix.png
685,Sabbaione,Slurpuff,Fee,,Kalos,VI,1,,swirlix,82,80,86,85,75,72,https://raw.githubusercontent.com/PokeAPI/sprites/master/sprites/pokemon/other/official-artwork/685.png,https://archives.bulbagarden.net/media/upload/c/c4/0685Slurpuff.png
686,Iscalar,Inkay,Unlicht,Psycho,Kalos,VI,0,,,53,54,53,37,46,45,https://raw.githubusercontent.com/PokeAPI/sprites/master/sprites/pokemon/other/official-artwork/686.png,https://archives.bulbagarden.net/media/upload/3/3d/0686Inkay.png
687,Calamanero,Malamar,Unlicht,Psycho,Kalos,VI,1,,inkay,86,92,88,68,75,73,https://raw.githubusercontent.com/PokeAPI/sprites/master/sprites/pokemon/other/official-artwork/687.png,https://archives.bulbagarden.net/media/upload/5/58/0687Malamar.png
688,Bithora,Binacle,Gestein,Wasser,Kalos,VI,0,,,42,52,67,39,56,50,https://raw.githubusercontent.com/PokeAPI/sprites/master/sprites/pokemon/other/official-artwork/688.png,https://archives.bulbagarden.net/media/upload/9/90/0688Binacle.png
689,Thanathora,Barbaracle,Gestein,Wasser,Kalos,VI,1,,binacle,72,105,115,54,86,68,https://raw.githubusercontent.com/PokeAPI/sprites/master/sprites/pokemon/other/official-artwork/689.png,https://archives.bulbagarden.net/media/upload/3/36/0689Barbaracle.png
690,Algitt,Skrelp,Gift,Wasser,Kalos,VI,0,,,50,60,60,60,60,30,https://raw.githubusercontent.com/PokeAPI/sprites/master/sprites/pokemon/other/official-artwork/690.png,https://archives.bulbagarden.net/media/upload/e/e7/0690Skrelp.png
691,Tandrak,Dragalge,Gift,Drache,Kalos,VI,1,,skrelp,65,75,90,97,123,44,https://raw.githubusercontent.com/PokeAPI/sprites/master/sprites/pokemon/other/official-artwork/691.png,https://archives.bulbagarden.net/media/upload/4/4c/0691Dragalge.png
692,Scampisto,Clauncher,Wasser,,Kalos,VI,0,,,50,53,62,58,63,44,https://raw.githubusercontent.com/PokeAPI/sprites/master/sprites/pokemon/other/official-artwork/692.png,https://archives.bulbagarden.net/media/upload/f/ff/0692Clauncher.png
693,Wummer,Clawitzer,Wasser,,Kalos,VI,1,,clauncher,71,73,88,120,89,59,https://raw.githubusercontent.com/PokeAPI/sprites/master/sprites/pokemon/other/official-artwork/693.png,https://archives.bulbagarden.net/media/upload/f/f1/0693Clawitzer.png
694,Eguana,Helioptile,Elektro,Normal,Kalos,VI,0,,,44,38,33,61,43,70,https://raw.githubusercontent.com/PokeAPI/sprites/master/sprites/pokemon/other/official-artwork/694.png,https://archives.bulbagarden.net/media/upload/c/cc/0694Helioptile.png
695,Elezard,Heliolisk,Elektro,Normal,Kalos,VI,1,,helioptile,62,55,52,109,94,109,https://raw.githubusercontent.com/PokeAPI/sprites/master/sprites/pokemon/other/official-artwork/695.png,https://archives.bulbagarden.net/media/upload/c/cc/0695Heliolisk.png
696,Balgoras,Tyrunt,Gestein,Drache,Kalos,VI,0,,,58,89,77,45,45,48,https://raw.githubusercontent.com/PokeAPI/sprites/master/sprites/pokemon/other/official-artwork/696.png,https://archives.bulbagarden.net/media/upload/1/1c/0696Tyrunt.png
697,Monargoras,Tyrantrum,Gestein,Drache,Kalos,VI,1,,tyrunt,82,121,119,69,59,71,https://raw.githubusercontent.com/PokeAPI/sprites/master/sprites/pokemon/other/official-artwork/697.png,https://archives.bulbagarden.net/media/upload/b/be/0697Tyrantrum.png
698,Amarino,Amaura,Gestein,Eis,Kalos,VI,0,,,77,59,50,67,63,46,https://raw.githubusercontent.com/PokeAPI/sprites/master/sprites/pokemon/other/official-artwork/698.png,https://archives.bulbagarden.net/media/upload/0/09/0698Amaura.png
699,Amagarga,Aurorus,Gestein,Eis,Kalos,VI,1,,amaura,123,77,72,99,92,58,https://raw.githubusercontent.com/PokeAPI/sprites/master/sprites/pokemon/other/official-artwork/699.png,https://archives.bulbagarden.net/media/upload/5/56/0699Aurorus.png
700,Feelinara,Sylveon,Fee,,Kalos,VI,1,,eevee,95,65,65,110,130,60,https://raw.githubusercontent.com/PokeAPI/sprites/master/sprites/pokemon/other/official-artwork/700.png,https://archives.bulbagarden.net/media/upload/d/d0/0700Sylveon.png
701,Resladero,Hawlucha,Kampf,Flug,Kalos,VI,0,,,78,92,75,74,63,118,https://raw.githubusercontent.com/PokeAPI/sprites/master/sprites/pokemon/other/official-artwork/701.png,https://archives.bulbagarden.net/media/upload/6/69/0701Hawlucha.png
702,Dedenne,Dedenne,Elektro,Fee,Kalos,VI,0,,,67,58,57,81,67,101,https://raw.githubusercontent.com/PokeAPI/sprites/master/sprites/pokemon/other/official-artwork/702.png,https://archives.bulbagarden.net/media/upload/4/4f/0702Dedenne.png
703,Rocara,Carbink,Gestein,Fee,Kalos,VI,0,,,50,50,150,50,150,50,https://raw.githubusercontent.com/PokeAPI/sprites/master/sprites/pokemon/other/official-artwork/703.png,https://archives.bulbagarden.net/media/upload/f/fb/0703Carbink.png
704,Viscora,Goomy,Drache,,Kalos,VI,0,,,45,50,35,55,75,40,https://raw.githubusercontent.com/PokeAPI/sprites/master/sprites/pokemon/other/official-artwork/704.png,https://archives.bulbagarden.net/media/upload/1/16/0704Goomy.png
705,Viscargot,Sliggoo,Drache,,Kalos,VI,1,,goomy,68,75,53,83,113,60,https://raw.githubusercontent.com/PokeAPI/sprites/master/sprites/pokemon/other/official-artwork/705.png,https://archives.bulbagarden.net/media/upload/4/42/0705Sliggoo.png
706,Viscogon,Goodra,Drache,,Kalos,VI,2,,sliggoo,90,100,70,110,150,80,https://raw.githubusercontent.com/PokeAPI/sprites/master/sprites/pokemon/other/official-artwork/706.png,https://archives.bulbagarden.net/media/upload/7/7b/0706Goodra.png
707,Clavion,Klefki,Stahl,Fee,Kalos,VI,0,,,57,80,91,80,87,75,https://raw.githubusercontent.com/PokeAPI/sprites/master/sprites/pokemon/other/official-artwork/707.png,https://archives.bulbagarden.net/media/upload/e/e8/0707Klefki.png
708,Paragoni,Phantump,Geist,Pflanze,Kalos,VI,0,,,43,70,48,50,60,38,https://raw.githubusercontent.com/PokeAPI/sprites/master/sprites/pokemon/other/official-artwork/708.png,https://archives.bulbagarden.net/media/upload/d/d8/0708Phantump.png
709,Trombork,Trevenant,Geist,Pflanze,Kalos,VI,1,,phantump,85,110,76,65,82,56,https://raw.githubusercontent.com/PokeAPI/sprites/master/sprites/pokemon/other/official-artwork/709.png,https://archives.bulbagarden.net/media/upload/d/d2/0709Trevenant.png
710,Irrbis,Pumpkaboo,Geist,Pflanze,Kalos,VI,0,,,49,66,70,44,55,51,https://raw.githubusercontent.com/PokeAPI/sprites/master/sprites/pokemon/other/official-artwork/710.png,https://archives.bulbagarden.net/media/upload/f/f4/0710Pumpkaboo.png
711,Pumpdjinn,Gourgeist,Geist,Pflanze,Kalos,VI,1,,pumpkaboo,65,90,122,58,75,84,https://raw.githubusercontent.com/PokeAPI/sprites/master/sprites/pokemon/other/official-artwork/711.png,https://archives.bulbagarden.net/media/upload/d/d6/0711Gourgeist.png
712,Arktip,Bergmite,Eis,,Kalos,VI,0,,,55,69,85,32,35,28,https://raw.githubusercontent.com/PokeAPI/sprites/master/sprites/pokemon/other/official-artwork/712.png,https://archives.bulbagarden.net/media/upload/6/60/0712Bergmite.png
713,Arktilas,Avalugg,Eis,,Kalos,VI,1,,bergmite,95,117,184,44,46,28,https://raw.githubusercontent.com/PokeAPI/sprites/master/sprites/pokemon/other/official-artwork/713.png,https://archives.bulbagarden.net/media/upload/e/ed/0713Avalugg.png
714,eF-eM,Noibat,Flug,Drache,Kalos,VI,0,,,40,30,35,45,40,55,https://raw.githubusercontent.com/PokeAPI/sprites/master/sprites/pokemon/other/official-artwork/714.png,https://archives.bulbagarden.net/media/upload/5/5a/0714Noibat.png
715,UHaFnir,Noivern,Flug,Drache,Kalos,VI,1,,noibat,85,70,80,97,80,123,https://raw.githubusercontent.com/PokeAPI/sprites/master/sprites/pokemon/other/official-artwork/715.png,https://archives.bulbagarden.net/media/upload/7/7f/0715Noivern.png
716,Xerneas,Xerneas,Fee,,Kalos,VI,0,,,126,131,95,131,98,99,https://raw.githubusercontent.com/PokeAPI/sprites/master/sprites/pokemon/other/official-artwork/716.png,https://archives.bulbagarden.net/media/upload/1/17/0716Xerneas.png
717,Yveltal,Yveltal,Unlicht,Flug,Kalos,VI,0,,,126,131,95,131,98,99,https://raw.githubusercontent.com/PokeAPI/sprites/master/sprites/pokemon/other/official-artwork/717.png,https://archives.bulbagarden.net/media/upload/1/1d/0717Yveltal.png
718,Zygarde,Zygarde,Drache,Boden,Kalos,VI,0,,,108,100,121,81,95,95,https://raw.githubusercontent.com/PokeAPI/sprites/master/sprites/pokemon/other/official-artwork/718.png,https://archives.bulbagarden.net/media/upload/9/92/0718Zygarde.png
719,Diancie,Diancie,Gestein,Fee,Kalos,VI,0,,,50,100,150,100,150,50,https://raw.githubusercontent.com/PokeAPI/sprites/master/sprites/pokemon/other/official-artwork/719.png,https://archives.bulbagarden.net/media/upload/3/37/0719Diancie.png
720,Hoopa,Hoopa,Psycho,Geist,Kalos,VI,0,,,80,110,60,150,130,70,https://raw.githubusercontent.com/PokeAPI/sprites/master/sprites/pokemon/other/official-artwork/720.png,https://archives.bulbagarden.net/media/upload/7/71/0720Hoopa.png
721,Volcanion,Volcanion,Feuer,Wasser,Kalos,VI,0,,,80,110,120,130,90,70,https://raw.githubusercontent.com/PokeAPI/sprites/master/sprites/pokemon/other/official-artwork/721.png,https://archives.bulbagarden.net/media/upload/1/13/0721Volcanion.png
722,Bauz,Rowlet,Pflanze,Flug,Alola,VII,0,,,68,55,55,50,50,42,https://raw.githubusercontent.com/PokeAPI/sprites/master/sprites/pokemon/other/official-artwork/722.png,https://archives.bulbagarden.net/media/upload/0/0c/0722Rowlet.png
723,Arboretoss,Dartrix,Pflanze,Flug,Alola,VII,1,,rowlet,78,75,75,70,70,52,https://raw.githubusercontent.com/PokeAPI/sprites/master/sprites/pokemon/other/official-artwork/723.png,https://archives.bulbagarden.net/media/upload/c/c8/0723Dartrix.png
724,Silvarro,Decidueye,Pflanze,Geist,Alola,VII,2,,dartrix,78,107,75,100,100,70,https://raw.githubusercontent.com/PokeAPI/sprites/master/sprites/pokemon/other/official-artwork/724.png,https://archives.bulbagarden.net/media/upload/b/ba/0724Decidueye.png
725,Flamiau,Litten,Feuer,,Alola,VII,0,,,45,65,40,60,40,70,https://raw.githubusercontent.com/PokeAPI/sprites/master/sprites/pokemon/other/official-artwork/725.png,https://archives.bulbagarden.net/media/upload/f/ff/0725Litten.png
726,Miezunder,Torracat,Feuer,,Alola,VII,1,,litten,65,85,50,80,50,90,https://raw.githubusercontent.com/PokeAPI/sprites/master/sprites/pokemon/other/official-artwork/726.png,https://archives.bulbagarden.net/media/upload/1/1f/0726Torracat.png
727,Fuegro,Incineroar,Feuer,Unlicht,Alola,VII,2,,torracat,95,115,90,80,90,60,https://raw.githubusercontent.com/PokeAPI/sprites/master/sprites/pokemon/other/official-artwork/727.png,https://archives.bulbagarden.net/media/upload/a/af/0727Incineroar.png
728,Robball,Popplio,Wasser,,Alola,VII,0,,,50,54,54,66,56,40,https://raw.githubusercontent.com/PokeAPI/sprites/master/sprites/pokemon/other/official-artwork/728.png,https://archives.bulbagarden.net/media/upload/5/51/0728Popplio.png
729,Marikeck,Brionne,Wasser,,Alola,VII,1,,popplio,60,69,69,91,81,50,https://raw.githubusercontent.com/PokeAPI/sprites/master/sprites/pokemon/other/official-artwork/729.png,https://archives.bulbagarden.net/media/upload/2/2b/0729Brionne.png
730,Primarene,Primarina,Wasser,Fee,Alola,VII,2,,brionne,80,74,74,126,116,60,https://raw.githubusercontent.com/PokeAPI/sprites/master/sprites/pokemon/other/official-artwork/730.png,https://archives.bulbagarden.net/media/upload/1/19/0730Primarina.png
731,Peppeck,Pikipek,Normal,Flug,Alola,VII,0,,,35,75,30,30,30,65,https://raw.githubusercontent.com/PokeAPI/sprites/master/sprites/pokemon/other/official-artwork/731.png,https://archives.bulbagarden.net/media/upload/e/e3/0731Pikipek.png
732,Trompeck,Trumbeak,Normal,Flug,Alola,VII,1,,pikipek,55,85,50,40,50,75,https://raw.githubusercontent.com/PokeAPI/sprites/master/sprites/pokemon/other/official-artwork/732.png,https://archives.bulbagarden.net/media/upload/c/c1/0732Trumbeak.png
733,Tukanon,Toucannon,Normal,Flug,Alola,VII,2,,trumbeak,80,120,75,75,75,60,https://raw.githubusercontent.com/PokeAPI/sprites/master/sprites/pokemon/other/official-artwork/733.png,https://archives.bulbagarden.net/media/upload/a/ac/0733Toucannon.png
734,Mangunior,Yungoos,Normal,,Alola,VII,0,,,48,70,30,30,30,45,https://raw.githubusercontent.com/PokeAPI/sprites/master/sprites/pokemon/other/official-artwork/734.png,https://archives.bulbagarden.net/media/upload/a/a9/0734Yungoos.png
735,Manguspektor,Gumshoos,Normal,,Alola,VII,1,,yungoos,88,110,60,55,60,45,https://raw.githubusercontent.com/PokeAPI/sprites/master/sprites/pokemon/other/official-artwork/735.png,https://archives.bulbagarden.net/media/upload/1/15/0735Gumshoos.png
736,Mabula,Grubbin,Käfer,,Alola,VII,0,,,47,62,45,55,45,46,https://raw.githubusercontent.com/PokeAPI/sprites/master/sprites/pokemon/other/official-artwork/736.png,https://archives.bulbagarden.net/media/upload/2/22/0736Grubbin.png
737,Akkup,Charjabug,Käfer,Elektro,Alola,VII,1,,grubbin,57,82,95,55,75,36,https://raw.githubusercontent.com/PokeAPI/sprites/master/sprites/pokemon/other/official-artwork/737.png,https://archives.bulbagarden.net/media/upload/3/33/0737Charjabug.png
738,Donarion,Vikavolt,Käfer,Elektro,Alola,VII,2,,charjabug,77,70,90,145,75,43,https://raw.githubusercontent.com/PokeAPI/sprites/master/sprites/pokemon/other/official-artwork/738.png,https://archives.bulbagarden.net/media/upload/c/c9/0738Vikavolt.png
739,Krabbox,Crabrawler,Kampf,,Alola,VII,0,,,47,82,57,42,47,63,https://raw.githubusercontent.com/PokeAPI/sprites/master/sprites/pokemon/other/official-artwork/739.png,https://archives.bulbagarden.net/media/upload/8/83/0739Crabrawler.png
740,Krawell,Crabominable,Kampf,Eis,Alola,VII,1,,crabrawler,97,132,77,62,67,43,https://raw.githubusercontent.com/PokeAPI/sprites/master/sprites/pokemon/other/official-artwork/740.png,https://archives.bulbagarden.net/media/upload/2/29/0740Crabominable.png
741,Choreogel,Oricorio,Feuer,Flug,Alola,VII,0,,,75,70,70,98,70,93,https://raw.githubusercontent.com/PokeAPI/sprites/master/sprites/pokemon/other/official-artwork/741.png,https://archives.bulbagarden.net/media/upload/2/21/0741Oricorio.png
742,Wommel,Cutiefly,Käfer,Fee,Alola,VII,0,,,40,45,40,55,40,84,https://raw.githubusercontent.com/PokeAPI/sprites/master/sprites/pokemon/other/official-artwork/742.png,https://archives.bulbagarden.net/media/upload/f/f7/0742Cutiefly.png
743,Bandelby,Ribombee,Käfer,Fee,Alola,VII,1,,cutiefly,60,55,60,95,70,124,https://raw.githubusercontent.com/PokeAPI/sprites/master/sprites/pokemon/other/official-artwork/743.png,https://archives.bulbagarden.net/media/upload/e/ed/0743Ribombee.png
744,Wuffels,Rockruff,Gestein,,Alola,VII,0,,,45,65,40,30,40,60,https://raw.githubusercontent.com/PokeAPI/sprites/master/sprites/pokemon/other/official-artwork/744.png,https://archives.bulbagarden.net/media/upload/6/6b/0744Rockruff.png
745,Wolwerock,Lycanroc,Gestein,,Alola,VII,1,,rockruff,75,115,65,55,65,112,https://raw.githubusercontent.com/PokeAPI/sprites/master/sprites/pokemon/other/official-artwork/745.png,https://archives.bulbagarden.net/media/upload/b/b8/0745Lycanroc.png
746,Lusardin,Wishiwashi,Wasser,,Alola,VII,0,,,45,20,20,25,25,40,https://raw.githubusercontent.com/PokeAPI/sprites/master/sprites/pokemon/other/official-artwork/746.png,https://archives.bulbagarden.net/media/upload/c/c4/0746Wishiwashi.png
747,Garstella,Mareanie,Gift,Wasser,Alola,VII,0,,,50,53,62,43,52,45,https://raw.githubusercontent.com/PokeAPI/sprites/master/sprites/pokemon/other/official-artwork/747.png,https://archives.bulbagarden.net/media/upload/6/63/0747Mareanie.png
748,Aggrostella,Toxapex,Gift,Wasser,Alola,VII,1,,mareanie,50,63,152,53,142,35,https://raw.githubusercontent.com/PokeAPI/sprites/master/sprites/pokemon/other/official-artwork/748.png,https://archives.bulbagarden.net/media/upload/b/bf/0748Toxapex.png
749,Pampuli,Mudbray,Boden,,Alola,VII,0,,,70,100,70,45,55,45,https://raw.githubusercontent.com/PokeAPI/sprites/master/sprites/pokemon/other/official-artwork/749.png,https://archives.bulbagarden.net/media/upload/2/29/0749Mudbray.png
750,Pampross,Mudsdale,Boden,,Alola,VII,1,,mudbray,100,125,100,55,85,35,https://raw.githubusercontent.com/PokeAPI/sprites/master/sprites/pokemon/other/official-artwork/750.png,https://archives.bulbagarden.net/media/upload/9/95/0750Mudsdale.png
751,Araqua,Dewpider,Wasser,Käfer,Alola,VII,0,,,38,40,52,40,72,27,https://raw.githubusercontent.com/PokeAPI/sprites/master/sprites/pokemon/other/official-artwork/751.png,https://archives.bulbagarden.net/media/upload/b/bd/0751Dewpider.png
752,Aranestro,Araquanid,Wasser,Käfer,Alola,VII,1,,dewpider,68,70,92,50,132,42,https://raw.githubusercontent.com/PokeAPI/sprites/master/sprites/pokemon/other/official-artwork/752.png,https://archives.bulbagarden.net/media/upload/c/c0/0752Araquanid.png
753,Imantis,Fomantis,Pflanze,,Alola,VII,0,,,40,55,35,50,35,35,https://raw.githubusercontent.com/PokeAPI/sprites/master/sprites/pokemon/other/official-artwork/753.png,https://archives.bulbagarden.net/media/upload/c/cb/0753Fomantis.png
754,Mantidea,Lurantis,Pflanze,,Alola,VII,1,,fomantis,70,105,90,80,90,45,https://raw.githubusercontent.com/PokeAPI/sprites/master/sprites/pokemon/other/official-artwork/754.png,https://archives.bulbagarden.net/media/upload/6/63/0754Lurantis.png
755,Bubungus,Morelull,Pflanze,Fee,Alola,VII,0,,,40,35,55,65,75,15,https://raw.githubusercontent.com/PokeAPI/sprites/master/sprites/pokemon/other/official-artwork/755.png,https://archives.bulbagarden.net/media/upload/7/70/0755Morelull.png
756,Lamellux,Shiinotic,Pflanze,Fee,Alola,VII,1,,morelull,60,45,80,90,100,30,https://raw.githubusercontent.com/PokeAPI/sprites/master/sprites/pokemon/other/official-artwork/756.png,https://archives.bulbagarden.net/media/upload/6/67/0756Shiinotic.png
757,Molunk,Salandit,Gift,Feuer,Alola,VII,0,,,48,44,40,71,40,77,https://raw.githubusercontent.com/PokeAPI/sprites/master/sprites/pokemon/other/official-artwork/757.png,https://archives.bulbagarden.net/media/upload/1/1c/0757Salandit.png
758,Amfira,Salazzle,Gift,Feuer,Alola,VII,1,,salandit,68,64,60,111,60,117,https://raw.githubusercontent.com/PokeAPI/sprites/master/sprites/pokemon/other/official-artwork/758.png,https://archives.bulbagarden.net/media/upload/7/70/0758Salazzle.png
759,Velursi,Stufful,Normal,Kampf,Alola,VII,0,,,70,75,50,45,50,50,https://raw.githubusercontent.com/PokeAPI/sprites/master/sprites/pokemon/other/official-artwork/759.png,https://archives.bulbagarden.net/media/upload/f/f7/0759Stufful.png
760,Kosturso,Bewear,Normal,Kampf,Alola,VII,1,,stufful,120,125,80,55,60,60,https://raw.githubusercontent.com/PokeAPI/sprites/master/sprites/pokemon/other/official-artwork/760.png,https://archives.bulbagarden.net/media/upload/2/26/0760Bewear.png
761,Frubberl,Bounsweet,Pflanze,,Alola,VII,0,,,42,30,38,30,38,32,https://raw.githubusercontent.com/PokeAPI/sprites/master/sprites/pokemon/other/official-artwork/761.png,https://archives.bulbagarden.net/media/upload/3/34/0761Bounsweet.png
762,Frubaila,Steenee,Pflanze,,Alola,VII,1,,bounsweet,52,40,48,40,48,62,https://raw.githubusercontent.com/PokeAPI/sprites/master/sprites/pokemon/other/official-artwork/762.png,https://archives.bulbagarden.net/media/upload/c/ca/0762Steenee.png
763,Fruyal,Tsareena,Pflanze,,Alola,VII,2,,steenee,72,120,98,50,98,72,https://raw.githubusercontent.com/PokeAPI/sprites/master/sprites/pokemon/other/official-artwork/763.png,https://archives.bulbagarden.net/media/upload/e/e6/0763Tsareena.png
764,Curelei,Comfey,Fee,,Alola,VII,0,,,51,52,90,82,110,100,https://raw.githubusercontent.com/PokeAPI/sprites/master/sprites/pokemon/other/official-artwork/764.png,https://archives.bulbagarden.net/media/upload/d/d8/0764Comfey.png
765,Kommandutan,Oranguru,Normal,Psycho,Alola,VII,0,,,90,60,80,90,110,60,https://raw.githubusercontent.com/PokeAPI/sprites/master/sprites/pokemon/other/official-artwork/765.png,https://archives.bulbagarden.net/media/upload/f/f7/0765Oranguru.png
766,Quartermak,Passimian,Kampf,,Alola,VII,0,,,100,120,90,40,60,80,https://raw.githubusercontent.com/PokeAPI/sprites/master/sprites/pokemon/other/official-artwork/766.png,https://archives.bulbagarden.net/media/upload/1/17/0766Passimian.png
767,Reißlaus,Wimpod,Käfer,Wasser,Alola,VII,0,,,25,35,40,20,30,80,https://raw.githubusercontent.com/PokeAPI/sprites/master/sprites/pokemon/other/official-artwork/767.png,https://archives.bulbagarden.net/media/upload/0/07/0767Wimpod.png
768,Tectass,Golisopod,Käfer,Wasser,Alola,VII,1,,wimpod,75,125,140,60,90,40,https://raw.githubusercontent.com/PokeAPI/sprites/master/sprites/pokemon/other/official-artwork/768.png,https://archives.bulbagarden.net/media/upload/3/32/0768Golisopod.png
769,Sankabuh,Sandygast,Geist,Boden,Alola,VII,0,,,55,55,80,70,45,15,https://raw.githubusercontent.com/PokeAPI/sprites/master/sprites/pokemon/other/official-artwork/769.png,https://archives.bulbagarden.net/media/upload/c/cf/0769Sandygast.png
770,Colossand,Palossand,Geist,Boden,Alola,VII,1,,sandygast,85,75,110,100,75,35,https://raw.githubusercontent.com/PokeAPI/sprites/master/sprites/pokemon/other/official-artwork/770.png,https://archives.bulbagarden.net/media/upload/2/29/0770Palossand.png
771,Gufa,Pyukumuku,Wasser,,Alola,VII,0,,,55,60,130,30,130,5,https://raw.githubusercontent.com/PokeAPI/sprites/master/sprites/pokemon/other/official-artwork/771.png,https://archives.bulbagarden.net/media/upload/8/84/0771Pyukumuku.png
772,Typ:Null,Type: Null,Normal,,Alola,VII,0,,,95,95,95,95,95,59,https://raw.githubusercontent.com/PokeAPI/sprites/master/sprites/pokemon/other/official-artwork/772.png,
773,Amigento,Silvally,Normal,,Alola,VII,1,,type-null,95,95,95,95,95,95,https://raw.githubusercontent.com/PokeAPI/sprites/master/sprites/pokemon/other/official-artwork/773.png,https://archives.bulbagarden.net/media/upload/0/0d/0773Silvally.png
774,Meteno,Minior,Gestein,Flug,Alola,VII,0,,,60,60,100,60,100,60,https://raw.githubusercontent.com/PokeAPI/sprites/master/sprites/pokemon/other/official-artwork/774.png,https://archives.bulbagarden.net/media/upload/4/4b/0774Minior.png
775,Koalelu,Komala,Normal,,Alola,VII,0,,,65,115,65,75,95,65,https://raw.githubusercontent.com/PokeAPI/sprites/master/sprites/pokemon/other/official-artwork/775.png,https://archives.bulbagarden.net/media/upload/f/f1/0775Komala.png
776,Tortunator,Turtonator,Feuer,Drache,Alola,VII,0,,,60,78,135,91,85,36,https://raw.githubusercontent.com/PokeAPI/sprites/master/sprites/pokemon/other/official-artwork/776.png,https://archives.bulbagarden.net/media/upload/c/cc/0776Turtonator.png
777,Togedemaru,Togedemaru,Elektro,Stahl,Alola,VII,0,,,65,98,63,40,73,96,https://raw.githubusercontent.com/PokeAPI/sprites/master/sprites/pokemon/other/official-artwork/777.png,https://archives.bulbagarden.net/media/upload/8/8b/0777Togedemaru.png
778,Mimigma,Mimikyu,Geist,Fee,Alola,VII,0,,,55,90,80,50,105,96,https://raw.githubusercontent.com/PokeAPI/sprites/master/sprites/pokemon/other/official-artwork/778.png,https://archives.bulbagarden.net/media/upload/4/41/0778Mimikyu.png
779,Knirfish,Bruxish,Wasser,Psycho,Alola,VII,0,,,68,105,70,70,70,92,https://raw.githubusercontent.com/PokeAPI/sprites/master/sprites/pokemon/other/official-artwork/779.png,https://archives.bulbagarden.net/media/upload/a/ac/0779Bruxish.png
780,Sen-Long,Drampa,Normal,Drache,Alola,VII,0,,,78,60,85,135,91,36,https://raw.githubusercontent.com/PokeAPI/sprites/master/sprites/pokemon/other/official-artwork/780.png,https://archives.bulbagarden.net/media/upload/1/10/0780Drampa.png
781,Moruda,Dhelmise,Geist,Pflanze,Alola,VII,0,,,70,131,100,86,90,40,https://raw.githubusercontent.com/PokeAPI/sprites/master/sprites/pokemon/other/official-artwork/781.png,https://archives.bulbagarden.net/media/upload/8/80/0781Dhelmise.png
782,Miniras,Jangmo-o,Drache,,Alola,VII,0,,,45,55,65,45,45,45,https://raw.githubusercontent.com/PokeAPI/sprites/master/sprites/pokemon/other/official-artwork/782.png,https://archives.bulbagarden.net/media/upload/8/84/0782Jangmo-o.png
783,Mediras,Hakamo-o,Drache,Kampf,Alola,VII,1,,jangmo-o,55,75,90,65,70,65,https://raw.githubusercontent.com/PokeAPI/sprites/master/sprites/pokemon/other/official-artwork/783.png,https://archives.bulbagarden.net/media/upload/a/ae/0783Hakamo-o.png
784,Grandiras,Kommo-o,Drache,Kampf,Alola,VII,2,,hakamo-o,75,110,125,100,105,85,https://raw.githubusercontent.com/PokeAPI/sprites/master/sprites/pokemon/other/official-artwork/784.png,https://archives.bulbagarden.net/media/upload/8/88/0784Kommo-o.png
785,Kapu-Riki,Tapu Koko,Elektro,Fee,Alola,VII,0,,,70,115,85,95,75,130,https://raw.githubusercontent.com/PokeAPI/sprites/master/sprites/pokemon/other/official-artwork/785.png,
786,Kapu-Fala,Tapu Lele,Psycho,Fee,Alola,VII,0,,,70,85,75,130,115,95,https://raw.githubusercontent.com/PokeAPI/sprites/master/sprites/pokemon/other/official-artwork/786.png,
787,Kapu-Toro,Tapu Bulu,Pflanze,Fee,Alola,VII,0,,,70,130,115,85,95,75,https://raw.githubusercontent.com/PokeAPI/sprites/master/sprites/pokemon/other/official-artwork/787.png,
788,Kapu-Kime,Tapu Fini,Wasser,Fee,Alola,VII,0,,,70,75,115,95,130,85,https://raw.githubusercontent.com/PokeAPI/sprites/master/sprites/pokemon/other/official-artwork/788.png,
789,Cosmog,Cosmog,Psycho,,Alola,VII,0,,,43,29,31,29,31,37,https://raw.githubusercontent.com/PokeAPI/sprites/master/sprites/pokemon/other/official-artwork/789.png,https://archives.bulbagarden.net/media/upload/d/d8/0789Cosmog.png
790,Cosmovum,Cosmoem,Psycho,,Alola,VII,1,,cosmog,43,29,131,29,131,37,https://raw.githubusercontent.com/PokeAPI/sprites/master/sprites/pokemon/other/official-artwork/790.png,https://archives.bulbagarden.net/media/upload/d/d2/0790Cosmoem.png
791,Solgaleo,Solgaleo,Psycho,Stahl,Alola,VII,2,,cosmoem,137,137,107,113,89,97,https://raw.githubusercontent.com/PokeAPI/sprites/master/sprites/pokemon/other/official-artwork/791.png,https://archives.bulbagarden.net/media/upload/8/8c/0791Solgaleo.png
792,Lunala,Lunala,Psycho,Geist,Alola,VII,2,,cosmoem,137,113,89,137,107,97,https://raw.githubusercontent.com/PokeAPI/sprites/master/sprites/pokemon/other/official-artwork/792.png,https://archives.bulbagarden.net/media/upload/c/c0/0792Lunala.png
793,Anego,Nihilego,Gestein,Gift,Alola,VII,0,,,109,53,47,127,131,103,https://raw.githubusercontent.com/PokeAPI/sprites/master/sprites/pokemon/other/official-artwork/793.png,https://archives.bulbagarden.net/media/upload/e/eb/0793Nihilego.png
794,Masskito,Buzzwole,Käfer,Kampf,Alola,VII,0,,,107,139,139,53,53,79,https://raw.githubusercontent.com/PokeAPI/sprites/master/sprites/pokemon/other/official-artwork/794.png,https://archives.bulbagarden.net/media/upload/a/aa/0794Buzzwole.png
795,Schabelle,Pheromosa,Käfer,Kampf,Alola,VII,0,,,71,137,37,137,37,151,https://raw.githubusercontent.com/PokeAPI/sprites/master/sprites/pokemon/other/official-artwork/795.png,https://archives.bulbagarden.net/media/upload/8/85/0795Pheromosa.png
796,Voltriant,Xurkitree,Elektro,,Alola,VII,0,,,83,89,71,173,71,83,https://raw.githubusercontent.com/PokeAPI/sprites/master/sprites/pokemon/other/official-artwork/796.png,https://archives.bulbagarden.net/media/upload/7/78/0796Xurkitree.png
797,Kaguron,Celesteela,Stahl,Flug,Alola,VII,0,,,97,101,103,107,101,61,https://raw.githubusercontent.com/PokeAPI/sprites/master/sprites/pokemon/other/official-artwork/797.png,https://archives.bulbagarden.net/media/upload/f/f2/0797Celesteela.png
798,Katagami,Kartana,Pflanze,Stahl,Alola,VII,0,,,59,181,131,59,31,109,https://raw.githubusercontent.com/PokeAPI/sprites/master/sprites/pokemon/other/official-artwork/798.png,https://archives.bulbagarden.net/media/upload/7/7c/0798Kartana.png
799,Schlingking,Guzzlord,Unlicht,Drache,Alola,VII,0,,,223,101,53,97,53,43,https://raw.githubusercontent.com/PokeAPI/sprites/master/sprites/pokemon/other/official-artwork/799.png,https://archives.bulbagarden.net/media/upload/1/10/0799Guzzlord.png
800,Necrozma,Necrozma,Psycho,,Alola,VII,0,,,97,107,101,127,89,79,https://raw.githubusercontent.com/PokeAPI/sprites/master/sprites/pokemon/other/official-artwork/800.png,https://archives.bulbagarden.net/media/upload/0/00/0800Necrozma.png
801,Magearna,Magearna,Stahl,Fee,Alola,VII,0,,,80,95,115,130,115,65,https://raw.githubusercontent.com/PokeAPI/sprites/master/sprites/pokemon/other/official-artwork/801.png,https://archives.bulbagarden.net/media/upload/c/cb/0801Magearna.png
802,Marshadow,Marshadow,Kampf,Geist,Alola,VII,0,,,90,125,80,90,90,125,https://raw.githubusercontent.com/PokeAPI/sprites/master/sprites/pokemon/other/official-artwork/802.png,https://archives.bulbagarden.net/media/upload/7/7b/0802Marshadow.png
803,Venicro,Poipole,Gift,,Alola,VII,0,,,67,73,67,73,67,73,https://raw.githubusercontent.com/PokeAPI/sprites/master/sprites/pokemon/other/official-artwork/803.png,https://archives.bulbagarden.net/media/upload/2/21/0803Poipole.png
804,Agoyon,Naganadel,Gift,Drache,Alola,VII,1,,poipole,73,73,73,127,73,121,https://raw.githubusercontent.com/PokeAPI/sprites/master/sprites/pokemon/other/official-artwork/804.png,https://archives.bulbagarden.net/media/upload/8/84/0804Naganadel.png
805,Muramura,Stakataka,Gestein,Stahl,Alola,VII,0,,,61,131,211,53,101,13,https://raw.githubusercontent.com/PokeAPI/sprites/master/sprites/pokemon/other/official-artwork/805.png,https://archives.bulbagarden.net/media/upload/3/30/0805Stakataka.png
806,Kopplosio,Blacephalon,Feuer,Geist,Alola,VII,0,,,53,127,53,151,79,107,https://raw.githubusercontent.com/PokeAPI/sprites/master/sprites/pokemon/other/official-artwork/806.png,https://archives.bulbagarden.net/media/upload/4/48/0806Blacephalon.png
807,Zeraora,Zeraora,Elektro,,Alola,VII,0,,,88,112,75,102,80,143,https://raw.githubusercontent.com/PokeAPI/sprites/master/sprites/pokemon/other/official-artwork/807.png,https://archives.bulbagarden.net/media/upload/c/c5/0807Zeraora.png
808,Meltan,Meltan,Stahl,,Alola,VII,0,,,46,65,65,55,35,34,https://raw.githubusercontent.com/PokeAPI/sprites/master/sprites/pokemon/other/official-artwork/808.png,https://archives.bulbagarden.net/media/upload/b/bc/0808Meltan.png
809,Melmetal,Melmetal,Stahl,,Alola,VII,0,,meltan,135,143,143,80,65,34,https://raw.githubusercontent.com/PokeAPI/sprites/master/sprites/pokemon/other/official-artwork/809.png,https://archives.bulbagarden.net/media/upload/1/13/0809Melmetal.png
810,Chimpep,Grookey,Pflanze,,Galar,VIII,0,,,50,65,50,40,40,65,https://raw.githubusercontent.com/PokeAPI/sprites/master/sprites/pokemon/other/official-artwork/810.png,https://archives.bulbagarden.net/media/upload/0/0c/0810Grookey.png
811,Chimstix,Thwackey,Pflanze,,Galar,VIII,1,,grookey,70,85,70,55,60,80,https://raw.githubusercontent.com/PokeAPI/sprites/master/sprites/pokemon/other/official-artwork/811.png,https://archives.bulbagarden.net/media/upload/e/e8/0811Thwackey.png
812,Gortrom,Rillaboom,Pflanze,,Galar,VIII,2,,thwackey,100,125,90,60,70,85,https://raw.githubusercontent.com/PokeAPI/sprites/master/sprites/pokemon/other/official-artwork/812.png,https://archives.bulbagarden.net/media/upload/3/38/0812Rillaboom.png
813,Hopplo,Scorbunny,Feuer,,Galar,VIII,0,,,50,71,40,40,40,69,https://raw.githubusercontent.com/PokeAPI/sprites/master/sprites/pokemon/other/official-artwork/813.png,https://archives.bulbagarden.net/media/upload/1/10/0813Scorbunny.png
814,Kickerlo,Raboot,Feuer,,Galar,VIII,1,,scorbunny,65,86,60,55,60,94,https://raw.githubusercontent.com/PokeAPI/sprites/master/sprites/pokemon/other/official-artwork/814.png,https://archives.bulbagarden.net/media/upload/2/20/0814Raboot.png
815,Liberlo,Cinderace,Feuer,,Galar,VIII,2,,raboot,80,116,75,65,75,119,https://raw.githubusercontent.com/PokeAPI/sprites/master/sprites/pokemon/other/official-artwork/815.png,https://archives.bulbagarden.net/media/upload/6/61/0815Cinderace.png
816,Memmeon,Sobble,Wasser,,Galar,VIII,0,,,50,40,40,70,40,70,https://raw.githubusercontent.com/PokeAPI/sprites/master/sprites/pokemon/other/official-artwork/816.png,https://archives.bulbagarden.net/media/upload/8/88/0816Sobble.png
817,Phlegleon,Drizzile,Wasser,,Galar,VIII,1,,sobble,65,60,55,95,55,90,https://raw.githubusercontent.com/PokeAPI/sprites/master/sprites/pokemon/other/official-artwork/817.png,https://archives.bulbagarden.net/media/upload/8/8e/0817Drizzile.png
818,Intelleon,Inteleon,Wasser,,Galar,VIII,2,,drizzile,70,85,65,125,65,120,https://raw.githubusercontent.com/PokeAPI/sprites/master/sprites/pokemon/other/official-artwork/818.png,https://archives.bulbagarden.net/media/upload/d/dc/0818Inteleon.png
819,Raffel,Skwovet,Normal,,Galar,VIII,0,,,70,55,55,35,35,25,https://raw.githubusercontent.com/PokeAPI/sprites/master/sprites/pokemon/other/official-artwork/819.png,https://archives.bulbagarden.net/media/upload/6/6b/0819Skwovet.png
820,Schlaraffel,Greedent,Normal,,Galar,VIII,1,,skwovet,120,95,95,55,75,20,https://raw.githubusercontent.com/PokeAPI/sprites/master/sprites/pokemon/other/official-artwork/820.png,https://archives.bulbagarden.net/media/upload/a/a4/0820Greedent.png
821,Meikro,Rookidee,Flug,,Galar,VIII,0,,,38,47,35,33,35,57,https://raw.githubusercontent.com/PokeAPI/sprites/master/sprites/pokemon/other/official-artwork/821.png,https://archives.bulbagarden.net/media/upload/4/48/0821Rookidee.png
822,Kranoviz,Corvisquire,Flug,,Galar,VIII,1,,rookidee,68,67,55,43,55,77,https://raw.githubusercontent.com/PokeAPI/sprites/master/sprites/pokemon/other/official-artwork/822.png,https://archives.bulbagarden.net/media/upload/0/04/0822Corvisquire.png
823,Krarmor,Corviknight,Flug,Stahl,Galar,VIII,2,,corvisquire,98,87,105,53,85,67,https://raw.githubusercontent.com/PokeAPI/sprites/master/sprites/pokemon/other/official-artwork/823.png,https://archives.bulbagarden.net/media/upload/c/c2/0823Corviknight.png
824,Sensect,Blipbug,Käfer,,Galar,VIII,0,,,25,20,20,25,45,45,https://raw.githubusercontent.com/PokeAPI/sprites/master/sprites/pokemon/other/official-artwork/824.png,https://archives.bulbagarden.net/media/upload/4/4f/0824Blipbug.png
825,Keradar,Dottler,Käfer,Psycho,Galar,VIII,1,,blipbug,50,35,80,50,90,30,https://raw.githubusercontent.com/PokeAPI/sprites/master/sprites/pokemon/other/official-artwork/825.png,https://archives.bulbagarden.net/media/upload/1/12/0825Dottler.png
826,Maritellit,Orbeetle,Käfer,Psycho,Galar,VIII,2,,dottler,60,45,110,80,120,90,https://raw.githubusercontent.com/PokeAPI/sprites/master/sprites/pokemon/other/official-artwork/826.png,https://archives.bulbagarden.net/media/upload/5/57/0826Orbeetle.png
827,Kleptifux,Nickit,Unlicht,,Galar,VIII,0,,,40,28,28,47,52,50,https://raw.githubusercontent.com/PokeAPI/sprites/master/sprites/pokemon/other/official-artwork/827.png,https://archives.bulbagarden.net/media/upload/2/28/0827Nickit.png
828,Gaunux,Thievul,Unlicht,,Galar,VIII,1,,nickit,70,58,58,87,92,90,https://raw.githubusercontent.com/PokeAPI/sprites/master/sprites/pokemon/other/official-artwork/828.png,https://archives.bulbagarden.net/media/upload/1/16/0828Thievul.png
829,Cottini,Gossifleur,Pflanze,,Galar,VIII,0,,,40,40,60,40,60,10,https://raw.githubusercontent.com/PokeAPI/sprites/master/sprites/pokemon/other/official-artwork/829.png,https://archives.bulbagarden.net/media/upload/5/55/0829Gossifleur.png
830,Cottomi,Eldegoss,Pflanze,,Galar,VIII,1,,gossifleur,60,50,90,80,120,60,https://raw.githubusercontent.com/PokeAPI/sprites/master/sprites/pokemon/other/official-artwork/830.png,https://archives.bulbagarden.net/media/upload/9/95/0830Eldegoss.png
831,Wolly,Wooloo,Normal,,Galar,VIII,0,,,42,40,55,40,45,48,https://raw.githubusercontent.com/PokeAPI/sprites/master/sprites/pokemon/other/official-artwork/831.png,https://archives.bulbagarden.net/media/upload/2/2c/0831Wooloo.png
832,Zwollock,Dubwool,Normal,,Galar,VIII,1,,wooloo,72,80,100,60,90,88,https://raw.githubusercontent.com/PokeAPI/sprites/master/sprites/pokemon/other/official-artwork/832.png,https://archives.bulbagarden.net/media/upload/c/cd/0832Dubwool.png
833,Kamehaps,Chewtle,Wasser,,Galar,VIII,0,,,50,64,50,38,38,44,https://raw.githubusercontent.com/PokeAPI/sprites/master/sprites/pokemon/other/official-artwork/833.png,https://archives.bulbagarden.net/media/upload/2/29/0833Chewtle.png
834,Kamalm,Drednaw,Wasser,Gestein,Galar,VIII,1,,chewtle,90,115,90,48,68,74,https://raw.githubusercontent.com/PokeAPI/sprites/master/sprites/pokemon/other/official-artwork/834.png,https://archives.bulbagarden.net/media/upload/8/82/0834Drednaw.png
835,Voldi,Yamper,Elektro,,Galar,VIII,0,,,59,45,50,40,50,26,https://raw.githubusercontent.com/PokeAPI/sprites/master/sprites/pokemon/other/official-artwork/835.png,https://archives.bulbagarden.net/media/upload/8/8c/0835Yamper.png
836,Bellektro,Boltund,Elektro,,Galar,VIII,1,,yamper,69,90,60,90,60,121,https://raw.githubusercontent.com/PokeAPI/sprites/master/sprites/pokemon/other/official-artwork/836.png,https://archives.bulbagarden.net/media/upload/2/23/0836Boltund.png
837,Klonkett,Rolycoly,Gestein,,Galar,VIII,0,,,30,40,50,40,50,30,https://raw.githubusercontent.com/PokeAPI/sprites/master/sprites/pokemon/other/official-artwork/837.png,https://archives.bulbagarden.net/media/upload/5/5c/0837Rolycoly.png
838,Wagong,Carkol,Gestein,Feuer,Galar,VIII,1,,rolycoly,80,60,90,60,70,50,https://raw.githubusercontent.com/PokeAPI/sprites/master/sprites/pokemon/other/official-artwork/838.png,https://archives.bulbagarden.net/media/upload/0/01/0838Carkol.png
839,Montecarbo,Coalossal,Gestein,Feuer,Galar,VIII,2,,carkol,110,80,120,80,90,30,https://raw.githubusercontent.com/PokeAPI/sprites/master/sprites/pokemon/other/official-artwork/839.png,https://archives.bulbagarden.net/media/upload/c/c4/0839Coalossal.png
840,Knapfel,Applin,Pflanze,Drache,Galar,VIII,0,,,40,40,80,40,40,20,https://raw.githubusercontent.com/PokeAPI/sprites/master/sprites/pokemon/other/official-artwork/840.png,https://archives.bulbagarden.net/media/upload/7/75/0840Applin.png
841,Drapfel,Flapple,Pflanze,Drache,Galar,VIII,1,,applin,70,110,80,95,60,70,https://raw.githubusercontent.com/PokeAPI/sprites/master/sprites/pokemon/other/official-artwork/841.png,https://archives.bulbagarden.net/media/upload/a/ac/0841Flapple.png
842,Schlapfel,Appletun,Pflanze,Drache,Galar,VIII,1,,applin,110,85,80,100,80,30,https://raw.githubusercontent.com/PokeAPI/sprites/master/sprites/pokemon/other/official-artwork/842.png,https://archives.bulbagarden.net/media/upload/f/fe/0842Appletun.png
843,Salanga,Silicobra,Boden,,Galar,VIII,0,,,52,57,75,35,50,46,https://raw.githubusercontent.com/PokeAPI/sprites/master/sprites/pokemon/other/official-artwork/843.png,https://archives.bulbagarden.net/media/upload/c/cd/0843Silicobra.png
844,Sanaconda,Sandaconda,Boden,,Galar,VIII,1,,silicobra,72,107,125,65,70,71,https://raw.githubusercontent.com/PokeAPI/sprites/master/sprites/pokemon/other/official-artwork/844.png,https://archives.bulbagarden.net/media/upload/b/b9/0844Sandaconda.png
845,Urgl,Cramorant,Flug,Wasser,Galar,VIII,0,,,70,85,55,85,95,85,https://raw.githubusercontent.com/PokeAPI/sprites/master/sprites/pokemon/other/official-artwork/845.png,https://archives.bulbagarden.net/media/upload/0/0d/0845Cramorant.png
846,Pikuda,Arrokuda,Wasser,,Galar,VIII,0,,,41,63,40,40,30,66,https://raw.githubusercontent.com/PokeAPI/sprites/master/sprites/pokemon/other/official-artwork/846.png,https://archives.bulbagarden.net/media/upload/1/1f/0846Arrokuda.png
847,Barrakiefa,Barraskewda,Wasser,,Galar,VIII,1,,arrokuda,61,123,60,60,50,136,https://raw.githubusercontent.com/PokeAPI/sprites/master/sprites/pokemon/other/official-artwork/847.png,https://archives.bulbagarden.net/media/upload/e/e7/0847Barraskewda.png
848,Toxel,Toxel,Elektro,Gift,Galar,VIII,0,,,40,38,35,54,35,40,https://raw.githubusercontent.com/PokeAPI/sprites/master/sprites/pokemon/other/official-artwork/848.png,https://archives.bulbagarden.net/media/upload/f/fa/0848Toxel.png
849,Riffex,Toxtricity,Elektro,Gift,Galar,VIII,1,,toxel,75,98,70,114,70,75,https://raw.githubusercontent.com/PokeAPI/sprites/master/sprites/pokemon/other/official-artwork/849.png,https://archives.bulbagarden.net/media/upload/7/79/0849Toxtricity.png
850,Thermopod,Sizzlipede,Feuer,Käfer,Galar,VIII,0,,,50,65,45,50,50,45,https://raw.githubusercontent.com/PokeAPI/sprites/master/sprites/pokemon/other/official-artwork/850.png,https://archives.bulbagarden.net/media/upload/9/9b/0850Sizzlipede.png
851,Infernopod,Centiskorch,Feuer,Käfer,Galar,VIII,1,,sizzlipede,100,115,65,90,90,65,https://raw.githubusercontent.com/PokeAPI/sprites/master/sprites/pokemon/other/official-artwork/851.png,https://archives.bulbagarden.net/media/upload/8/83/0851Centiskorch.png
852,Klopptopus,Clobbopus,Kampf,,Galar,VIII,0,,,50,68,60,50,50,32,https://raw.githubusercontent.com/PokeAPI/sprites/master/sprites/pokemon/other/official-artwork/852.png,https://archives.bulbagarden.net/media/upload/2/2d/0852Clobbopus.png
853,Kaocto,Grapploct,Kampf,,Galar,VIII,1,,clobbopus,80,118,90,70,80,42,https://raw.githubusercontent.com/PokeAPI/sprites/master/sprites/pokemon/other/official-artwork/853.png,https://archives.bulbagarden.net/media/upload/c/cb/0853Grapploct.png
854,Fatalitee,Sinistea,Geist,,Galar,VIII,0,,,40,45,45,74,54,50,https://raw.githubusercontent.com/PokeAPI/sprites/master/sprites/pokemon/other/official-artwork/854.png,https://archives.bulbagarden.net/media/upload/f/f6/0854Sinistea.png
855,Mortipot,Polteageist,Geist,,Galar,VIII,1,,sinistea,60,65,65,134,114,70,https://raw.githubusercontent.com/PokeAPI/sprites/master/sprites/pokemon/other/official-artwork/855.png,https://archives.bulbagarden.net/media/upload/6/64/0855Polteageist.png
856,Brimova,Hatenna,Psycho,,Galar,VIII,0,,,42,30,45,56,53,39,https://raw.githubusercontent.com/PokeAPI/sprites/master/sprites/pokemon/other/official-artwork/856.png,https://archives.bulbagarden.net/media/upload/7/72/0856Hatenna.png
857,Brimano,Hattrem,Psycho,,Galar,VIII,1,,hatenna,57,40,65,86,73,49,https://raw.githubusercontent.com/PokeAPI/sprites/master/sprites/pokemon/other/official-artwork/857.png,https://archives.bulbagarden.net/media/upload/6/6a/0857Hattrem.png
858,Silembrim,Hatterene,Psycho,Fee,Galar,VIII,2,,hattrem,57,90,95,136,103,29,https://raw.githubusercontent.com/PokeAPI/sprites/master/sprites/pokemon/other/official-artwork/858.png,https://archives.bulbagarden.net/media/upload/1/19/0858Hatterene.png
859,Bähmon,Impidimp,Unlicht,Fee,Galar,VIII,0,,,45,45,30,55,40,50,https://raw.githubusercontent.com/PokeAPI/sprites/master/sprites/pokemon/other/official-artwork/859.png,https://archives.bulbagarden.net/media/upload/7/7c/0859Impidimp.png
860,Pelzebub,Morgrem,Unlicht,Fee,Galar,VIII,1,,impidimp,65,60,45,75,55,70,https://raw.githubusercontent.com/PokeAPI/sprites/master/sprites/pokemon/other/official-artwork/860.png,https://archives.bulbagarden.net/media/upload/f/f5/0860Morgrem.png
861,Olangaar,Grimmsnarl,Unlicht,Fee,Galar,VIII,2,,morgrem,95,120,65,95,75,60,https://raw.githubusercontent.com/PokeAPI/sprites/master/sprites/pokemon/other/official-artwork/861.png,https://archives.bulbagarden.net/media/upload/2/2d/0861Grimmsnarl.png
862,Barrikadax,Obstagoon,Unlicht,Normal,Galar,VIII,2,,linoone,93,90,101,60,81,95,https://raw.githubusercontent.com/PokeAPI/sprites/master/sprites/pokemon/other/official-artwork/862.png,https://archives.bulbagarden.net/media/upload/0/02/0862Obstagoon.png
863,Mauzinger,Perrserker,Stahl,,Galar,VIII,1,,meowth,70,110,100,50,60,50,https://raw.githubusercontent.com/PokeAPI/sprites/master/sprites/pokemon/other/official-artwork/863.png,https://archives.bulbagarden.net/media/upload/1/10/0863Perrserker.png
864,Gorgasonn,Cursola,Geist,,Galar,VIII,1,,corsola,60,95,50,145,130,30,https://raw.githubusercontent.com/PokeAPI/sprites/master/sprites/pokemon/other/official-artwork/864.png,https://archives.bulbagarden.net/media/upload/d/d1/0864Cursola.png
865,Lauchzelot,Sirfetch’d,Kampf,,Galar,VIII,1,,farfetchd,62,135,95,68,82,65,https://raw.githubusercontent.com/PokeAPI/sprites/master/sprites/pokemon/other/official-artwork/865.png,
866,Pantifrost,Mr. Rime,Eis,Psycho,Galar,VIII,2,,mr-mime,80,85,75,110,100,70,https://raw.githubusercontent.com/PokeAPI/sprites/master/sprites/pokemon/other/official-artwork/866.png,
867,Oghnatoll,Runerigus,Boden,Geist,Galar,VIII,1,,yamask,58,95,145,50,105,30,https://raw.githubusercontent.com/PokeAPI/sprites/master/sprites/pokemon/other/official-artwork/867.png,https://archives.bulbagarden.net/media/upload/8/80/0867Runerigus.png
868,Hokumil,Milcery,Fee,,Galar,VIII,0,,,45,40,40,50,61,34,https://raw.githubusercontent.com/PokeAPI/sprites/master/sprites/pokemon/other/official-artwork/868.png,https://archives.bulbagarden.net/media/upload/d/d0/0868Milcery.png
869,Pokusan,Alcremie,Fee,,Galar,VIII,1,,milcery,65,60,75,110,121,64,https://raw.githubusercontent.com/PokeAPI/sprites/master/sprites/pokemon/other/official-artwork/869.png,https://archives.bulbagarden.net/media/upload/8/81/0869Alcremie.png
870,Legios,Falinks,Kampf,,Galar,VIII,0,,,65,100,100,70,60,75,https://raw.githubusercontent.com/PokeAPI/sprites/master/sprites/pokemon/other/official-artwork/870.png,https://archives.bulbagarden.net/media/upload/8/87/0870Falinks.png
871,Britzigel,Pincurchin,Elektro,,Galar,VIII,0,,,48,101,95,91,85,15,https://raw.githubusercontent.com/PokeAPI/sprites/master/sprites/pokemon/other/official-artwork/871.png,https://archives.bulbagarden.net/media/upload/c/cf/0871Pincurchin.png
872,Snomnom,Snom,Eis,Käfer,Galar,VIII,0,,,30,25,35,45,30,20,https://raw.githubusercontent.com/PokeAPI/sprites/master/sprites/pokemon/other/official-artwork/872.png,https://archives.bulbagarden.net/media/upload/8/84/0872Snom.png
873,Mottineva,Frosmoth,Eis,Käfer,Galar,VIII,1,,snom,70,65,60,125,90,65,https://raw.githubusercontent.com/PokeAPI/sprites/master/sprites/pokemon/other/official-artwork/873.png,https://archives.bulbagarden.net/media/upload/b/b2/0873Frosmoth.png
874,Humanolith,Stonjourner,Gestein,,Galar,VIII,0,,,100,125,135,20,20,70,https://raw.githubusercontent.com/PokeAPI/sprites/master/sprites/pokemon/other/official-artwork/874.png,https://archives.bulbagarden.net/media/upload/f/ff/0874Stonjourner.png
875,Kubuin,Eiscue,Eis,,Galar,VIII,0,,,75,80,110,65,90,50,https://raw.githubusercontent.com/PokeAPI/sprites/master/sprites/pokemon/other/official-artwork/875.png,https://archives.bulbagarden.net/media/upload/6/6d/0875Eiscue.png
876,Servol,Indeedee,Psycho,Normal,Galar,VIII,0,,,60,65,55,105,95,95,https://raw.githubusercontent.com/PokeAPI/sprites/master/sprites/pokemon/other/official-artwork/876.png,https://archives.bulbagarden.net/media/upload/7/78/0876Indeedee.png
877,Morpeko,Morpeko,Elektro,Unlicht,Galar,VIII,0,,,58,95,58,70,58,97,https://raw.githubusercontent.com/PokeAPI/sprites/master/sprites/pokemon/other/official-artwork/877.png,https://archives.bulbagarden.net/media/upload/c/c3/0877Morpeko.png
878,Kupfanti,Cufant,Stahl,,Galar,VIII,0,,,72,80,49,40,49,40,https://raw.githubusercontent.com/PokeAPI/sprites/master/sprites/pokemon/other/official-artwork/878.png,https://archives.bulbagarden.net/media/upload/9/9a/0878Cufant.png
879,Patinaraja,Copperajah,Stahl,,Galar,VIII,1,,cufant,122,130,69,80,69,30,https://raw.githubusercontent.com/PokeAPI/sprites/master/sprites/pokemon/other/official-artwork/879.png,https://archives.bulbagarden.net/media/upload/a/a3/0879Copperajah.png
880,Lectragon,Dracozolt,Elektro,Drache,Galar,VIII,0,,,90,100,90,80,70,75,https://raw.githubusercontent.com/PokeAPI/sprites/master/sprites/pokemon/other/official-artwork/880.png,https://archives.bulbagarden.net/media/upload/f/fc/0880Dracozolt.png
881,Lecryodon,Arctozolt,Elektro,Eis,Galar,VIII,0,,,90,100,90,90,80,55,https://raw.githubusercontent.com/PokeAPI/sprites/master/sprites/pokemon/other/official-artwork/881.png,https://archives.bulbagarden.net/media/upload/f/fe/0881Arctozolt.png
882,Pescragon,Dracovish,Wasser,Drache,Galar,VIII,0,,,90,90,100,70,80,75,https://raw.githubusercontent.com/PokeAPI/sprites/master/sprites/pokemon/other/official-artwork/882.png,https://archives.bulbagarden.net/media/upload/f/f5/0882Dracovish.png
883,Pescryodon,Arctovish,Wasser,Eis,Galar,VIII,0,,,90,90,100,80,90,55,https://raw.githubusercontent.com/PokeAPI/sprites/master/sprites/pokemon/other/official-artwork/883.png,https://archives.bulbagarden.net/media/upload/2/2a/0883Arctovish.png
884,Duraludon,Duraludon,Stahl,Drache,Galar,VIII,0,,,70,95,115,120,50,85,https://raw.githubusercontent.com/PokeAPI/sprites/master/sprites/pokemon/other/official-artwork/884.png,https://archives.bulbagarden.net/media/upload/f/f4/0884Duraludon.png
885,Grolldra,Dreepy,Drache,Geist,Galar,VIII,0,,,28,60,30,40,30,82,https://raw.githubusercontent.com/PokeAPI/sprites/master/sprites/pokemon/other/official-artwork/885.png,https://archives.bulbagarden.net/media/upload/d/d0/0885Dreepy.png
886,Phandra,Drakloak,Drache,Geist,Galar,VIII,1,,dreepy,68,80,50,60,50,102,https://raw.githubusercontent.com/PokeAPI/sprites/master/sprites/pokemon/other/official-artwork/886.png,https://archives.bulbagarden.net/media/upload/2/21/0886Drakloak.png
887,Katapuldra,Dragapult,Drache,Geist,Galar,VIII,2,,drakloak,88,120,75,100,75,142,https://raw.githubusercontent.com/PokeAPI/sprites/master/sprites/pokemon/other/official-artwork/887.png,https://archives.bulbagarden.net/media/upload/e/e8/0887Dragapult.png
888,Zacian,Zacian,Fee,,Galar,VIII,0,,,92,120,115,80,115,138,https://raw.githubusercontent.com/PokeAPI/sprites/master/sprites/pokemon/other/official-artwork/888.png,https://archives.bulbagarden.net/media/upload/9/98/0888Zacian.png
889,Zamazenta,Zamazenta,Kampf,,Galar,VIII,0,,,92,120,115,80,115,138,https://raw.githubusercontent.com/PokeAPI/sprites/master/sprites/pokemon/other/official-artwork/889.png,https://archives.bulbagarden.net/media/upload/4/41/0889Zamazenta.png
890,Endynalos,Eternatus,Gift,Drache,Galar,VIII,0,,,140,85,95,145,95,130,https://raw.githubusercontent.com/PokeAPI/sprites/master/sprites/pokemon/other/official-artwork/890.png,https://archives.bulbagarden.net/media/upload/0/0e/0890Eternatus.png
891,Dakuma,Kubfu,Kampf,,Galar,VIII,0,,,60,90,60,53,50,72,https://raw.githubusercontent.com/PokeAPI/sprites/master/sprites/pokemon/other/official-artwork/891.png,https://archives.bulbagarden.net/media/upload/1/14/0891Kubfu.png
892,Wulaosu,Urshifu,Kampf,Unlicht,Galar,VIII,1,,kubfu,100,130,100,63,60,97,https://raw.githubusercontent.com/PokeAPI/sprites/master/sprites/pokemon/other/official-artwork/892.png,https://archives.bulbagarden.net/media/upload/b/b9/0892Urshifu.png
893,Zarude,Zarude,Unlicht,Pflanze,Galar,VIII,0,,,105,120,105,70,95,105,https://raw.githubusercontent.com/PokeAPI/sprites/master/sprites/pokemon/other/official-artwork/893.png,https://archives.bulbagarden.net/media/upload/b/bf/0893Zarude.png
894,Regieleki,Regieleki,Elektro,,Galar,VIII,0,,,80,100,50,100,50,200,https://raw.githubusercontent.com/PokeAPI/sprites/master/sprites/pokemon/other/official-artwork/894.png,https://archives.bulbagarden.net/media/upload/5/51/0894Regieleki.png
895,Regidrago,Regidrago,Drache,,Galar,VIII,0,,,200,100,50,100,50,80,https://raw.githubusercontent.com/PokeAPI/sprites/master/sprites/pokemon/other/official-artwork/895.png,https://archives.bulbagarden.net/media/upload/7/79/0895Regidrago.png
896,Polaross,Glastrier,Eis,,Galar,VIII,0,,,100,145,130,65,110,30,https://raw.githubusercontent.com/PokeAPI/sprites/master/sprites/pokemon/other/official-artwork/896.png,https://archives.bulbagarden.net/media/upload/d/d6/0896Glastrier.png
897,Phantoross,Spectrier,Geist,,Galar,VIII,0,,,100,65,60,145,80,130,https://raw.githubusercontent.com/PokeAPI/sprites/master/sprites/pokemon/other/official-artwork/897.png,https://archives.bulbagarden.net/media/upload/e/ef/0897Spectrier.png
898,Coronospa,Calyrex,Psycho,Pflanze,Galar,VIII,0,,,100,80,80,80,80,80,https://raw.githubusercontent.com/PokeAPI/sprites/master/sprites/pokemon/other/official-artwork/898.png,https://archives.bulbagarden.net/media/upload/8/80/0898Calyrex.png
899,Damythir,Wyrdeer,Normal,Psycho,Galar,VIII,1,,stantler,103,105,72,105,75,65,https://raw.githubusercontent.com/PokeAPI/sprites/master/sprites/pokemon/other/official-artwork/899.png,https://archives.bulbagarden.net/media/upload/9/97/0899Wyrdeer.png
900,Axantor,Kleavor,Käfer,Gestein,Galar,VIII,1,,scyther,70,135,95,45,70,85,https://raw.githubusercontent.com/PokeAPI/sprites/master/sprites/pokemon/other/official-artwork/900.png,https://archives.bulbagarden.net/media/upload/8/8f/0900Kleavor.png
901,Ursaluna,Ursaluna,Boden,Normal,Galar,VIII,2,,ursaring,130,140,105,45,80,50,https://raw.githubusercontent.com/PokeAPI/sprites/master/sprites/pokemon/other/official-artwork/901.png,https://archives.bulbagarden.net/media/upload/7/7c/0901Ursaluna.png
902,Salmagnis,Basculegion,Wasser,Geist,Galar,VIII,1,,basculin,120,112,65,80,75,78,https://raw.githubusercontent.com/PokeAPI/sprites/master/sprites/pokemon/other/official-artwork/902.png,https://archives.bulbagarden.net/media/upload/d/df/0902Basculegion.png
903,Snieboss,Sneasler,Kampf,Gift,Galar,VIII,1,,sneasel,80,130,60,40,80,120,https://raw.githubusercontent.com/PokeAPI/sprites/master/sprites/pokemon/other/official-artwork/903.png,https://archives.bulbagarden.net/media/upload/a/a3/0903Sneasler.png
904,Myriador,Overqwil,Unlicht,Gift,Galar,VIII,1,,qwilfish,85,115,95,65,65,85,https://raw.githubusercontent.com/PokeAPI/sprites/master/sprites/pokemon/other/official-artwork/904.png,https://archives.bulbagarden.net/media/upload/0/02/0904Overqwil.png
905,Cupidos,Enamorus,Fee,Flug,Galar,VIII,0,,,74,115,70,135,80,106,https://raw.githubusercontent.com/PokeAPI/sprites/master/sprites/pokemon/other/official-artwork/905.png,https://archives.bulbagarden.net/media/upload/5/54/0905Enamorus.png
906,Felori,Sprigatito,Pflanze,,Paldea,IX,0,,,40,61,54,45,45,65,https://raw.githubusercontent.com/PokeAPI/sprites/master/sprites/pokemon/other/official-artwork/906.png,https://archives.bulbagarden.net/media/upload/e/e2/0906Sprigatito.png
907,Feliospa,Floragato,Pflanze,,Paldea,IX,1,,sprigatito,61,80,63,60,63,83,https://raw.githubusercontent.com/PokeAPI/sprites/master/sprites/pokemon/other/official-artwork/907.png,https://archives.bulbagarden.net/media/upload/a/ac/0907Floragato.png
908,Maskagato,Meowscarada,Pflanze,Unlicht,Paldea,IX,2,,floragato,76,110,70,81,70,123,https://raw.githubusercontent.com/PokeAPI/sprites/master/sprites/pokemon/other/official-artwork/908.png,https://archives.bulbagarden.net/media/upload/6/6f/0908Meowscarada.png
909,Krokel,Fuecoco,Feuer,,Paldea,IX,0,,,67,45,59,63,40,36,https://raw.githubusercontent.com/PokeAPI/sprites/master/sprites/pokemon/other/official-artwork/909.png,https://archives.bulbagarden.net/media/upload/e/e4/0909Fuecoco.png
910,Lokroko,Crocalor,Feuer,,Paldea,IX,1,,fuecoco,81,55,78,90,58,49,https://raw.githubusercontent.com/PokeAPI/sprites/master/sprites/pokemon/other/official-artwork/910.png,https://archives.bulbagarden.net/media/upload/0/0a/0910Crocalor.png
911,Skelokrok,Skeledirge,Feuer,Geist,Paldea,IX,2,,crocalor,104,75,100,110,75,66,https://raw.githubusercontent.com/PokeAPI/sprites/master/sprites/pokemon/other/official-artwork/911.png,https://archives.bulbagarden.net/media/upload/3/3e/0911Skeledirge.png
912,Kwaks,Quaxly,Wasser,,Paldea,IX,0,,,55,65,45,50,45,50,https://raw.githubusercontent.com/PokeAPI/sprites/master/sprites/pokemon/other/official-artwork/912.png,https://archives.bulbagarden.net/media/upload/e/ec/0912Quaxly.png
913,Fuentente,Quaxwell,Wasser,,Paldea,IX,1,,quaxly,70,85,65,65,60,65,https://raw.githubusercontent.com/PokeAPI/sprites/master/sprites/pokemon/other/official-artwork/913.png,https://archives.bulbagarden.net/media/upload/5/52/0913Quaxwell.png
914,Bailonda,Quaquaval,Wasser,Kampf,Paldea,IX,2,,quaxwell,85,120,80,85,75,85,https://raw.githubusercontent.com/PokeAPI/sprites/master/sprites/pokemon/other/official-artwork/914.png,https://archives.bulbagarden.net/media/upload/5/59/0914Quaquaval.png
915,Ferkuli,Lechonk,Normal,,Paldea,IX,0,,,54,45,40,35,45,35,https://raw.githubusercontent.com/PokeAPI/sprites/master/sprites/pokemon/other/official-artwork/915.png,https://archives.bulbagarden.net/media/upload/7/75/0915Lechonk.png
916,Fragrunz,Oinkologne,Normal,,Paldea,IX,1,,lechonk,110,100,75,59,80,65,https://raw.githubusercontent.com/PokeAPI/sprites/master/sprites/pokemon/other/official-artwork/916.png,https://archives.bulbagarden.net/media/upload/2/2e/0916Oinkologne.png
917,Tarundel,Tarountula,Käfer,,Paldea,IX,0,,,35,41,45,29,40,20,https://raw.githubusercontent.com/PokeAPI/sprites/master/sprites/pokemon/other/official-artwork/917.png,https://archives.bulbagarden.net/media/upload/e/e4/0917Tarountula.png
918,Spinsidias,Spidops,Käfer,,Paldea,IX,1,,tarountula,60,79,92,52,86,35,https://raw.githubusercontent.com/PokeAPI/sprites/master/sprites/pokemon/other/official-artwork/918.png,https://archives.bulbagarden.net/media/upload/f/f3/0918Spidops.png
919,Micrick,Nymble,Käfer,,Paldea,IX,0,,,33,46,40,21,25,45,https://raw.githubusercontent.com/PokeAPI/sprites/master/sprites/pokemon/other/official-artwork/919.png,https://archives.bulbagarden.net/media/upload/9/98/0919Nymble.png
920,Lextremo,Lokix,Käfer,Unlicht,Paldea,IX,1,,nymble,71,102,78,52,55,92,https://raw.githubusercontent.com/PokeAPI/sprites/master/sprites/pokemon/other/official-artwork/920.png,https://archives.bulbagarden.net/media/upload/3/32/0920Lokix.png
921,Pamo,Pawmi,Elektro,,Paldea,IX,0,,,45,50,20,40,25,60,https://raw.githubusercontent.com/PokeAPI/sprites/master/sprites/pokemon/other/official-artwork/921.png,https://archives.bulbagarden.net/media/upload/5/58/0921Pawmi.png
922,Pamamo,Pawmo,Elektro,Kampf,Paldea,IX,1,,pawmi,60,75,40,50,40,85,https://raw.githubusercontent.com/PokeAPI/sprites/master/sprites/pokemon/other/official-artwork/922.png,https://archives.bulbagarden.net/media/upload/b/b5/0922Pawmo.png
923,Pamomamo,Pawmot,Elektro,Kampf,Paldea,IX,2,,pawmo,70,115,70,70,60,105,https://raw.githubusercontent.com/PokeAPI/sprites/master/sprites/pokemon/other/official-artwork/923.png,https://archives.bulbagarden.net/media/upload/3/32/0923Pawmot.png
924,Zwieps,Tandemaus,Normal,,Paldea,IX,0,,,50,50,45,40,45,75,https://raw.githubusercontent.com/PokeAPI/sprites/master/sprites/pokemon/other/official-artwork/924.png,https://archives.bulbagarden.net/media/upload/a/ab/0924Tandemaus.png
925,Famieps,Maushold,Normal,,Paldea,IX,1,,tandemaus,74,75,70,65,75,111,https://raw.githubusercontent.com/PokeAPI/sprites/master/sprites/pokemon/other/official-artwork/925.png,https://archives.bulbagarden.net/media/upload/f/f4/0925Maushold.png
926,Hefel,Fidough,Fee,,Paldea,IX,0,,,37,55,70,30,55,65,https://raw.githubusercontent.com/PokeAPI/sprites/master/sprites/pokemon/other/official-artwork/926.png,https://archives.bulbagarden.net/media/upload/8/82/0926Fidough.png
927,Backel,Dachsbun,Fee,,Paldea,IX,1,,fidough,57,80,115,50,80,95,https://raw.githubusercontent.com/PokeAPI/sprites/master/sprites/pokemon/other/official-artwork/927.png,https://archives.bulbagarden.net/media/upload/8/81/0927Dachsbun.png
928,Olini,Smoliv,Pflanze,Normal,Paldea,IX,0,,,41,35,45,58,51,30,https://raw.githubusercontent.com/PokeAPI/sprites/master/sprites/pokemon/other/official-artwork/928.png,https://archives.bulbagarden.net/media/upload/e/ea/0928Smoliv.png
929,Olivinio,Dolliv,Pflanze,Normal,Paldea,IX,1,,smoliv,52,53,60,78,78,33,https://raw.githubusercontent.com/PokeAPI/sprites/master/sprites/pokemon/other/official-artwork/929.png,https://archives.bulbagarden.net/media/upload/3/37/0929Dolliv.png
930,Olithena,Arboliva,Pflanze,Normal,Paldea,IX,2,,dolliv,78,69,90,125,109,39,https://raw.githubusercontent.com/PokeAPI/sprites/master/sprites/pokemon/other/official-artwork/930.png,https://archives.bulbagarden.net/media/upload/a/ab/0930Arboliva.png
931,Krawalloro,Squawkabilly,Normal,Flug,Paldea,IX,0,,,82,96,51,45,51,92,https://raw.githubusercontent.com/PokeAPI/sprites/master/sprites/pokemon/other/official-artwork/931.png,https://archives.bulbagarden.net/media/upload/d/d6/0931Squawkabilly.png
932,Geosali,Nacli,Gestein,,Paldea,IX,0,,,55,55,75,35,35,25,https://raw.githubusercontent.com/PokeAPI/sprites/master/sprites/pokemon/other/official-artwork/932.png,https://archives.bulbagarden.net/media/upload/f/f5/0932Nacli.png
933,Sedisal,Naclstack,Gestein,,Paldea,IX,1,,nacli,60,60,100,35,65,35,https://raw.githubusercontent.com/PokeAPI/sprites/master/sprites/pokemon/other/official-artwork/933.png,https://archives.bulbagarden.net/media/upload/d/dd/0933Naclstack.png
934,Saltigant,Garganacl,Gestein,,Paldea,IX,2,,naclstack,100,100,130,45,90,35,https://raw.githubusercontent.com/PokeAPI/sprites/master/sprites/pokemon/other/official-artwork/934.png,https://archives.bulbagarden.net/media/upload/7/7e/0934Garganacl.png
935,Knarbon,Charcadet,Feuer,,Paldea,IX,0,,,40,50,40,50,40,35,https://raw.githubusercontent.com/PokeAPI/sprites/master/sprites/pokemon/other/official-artwork/935.png,https://archives.bulbagarden.net/media/upload/e/e6/0935Charcadet.png
936,Crimanzo,Armarouge,Feuer,Psycho,Paldea,IX,1,,charcadet,85,60,100,125,80,75,https://raw.githubusercontent.com/PokeAPI/sprites/master/sprites/pokemon/other/official-artwork/936.png,https://archives.bulbagarden.net/media/upload/f/fe/0936Armarouge.png
937,Azugladis,Ceruledge,Feuer,Geist,Paldea,IX,1,,charcadet,75,125,80,60,100,85,https://raw.githubusercontent.com/PokeAPI/sprites/master/sprites/pokemon/other/official-artwork/937.png,https://archives.bulbagarden.net/media/upload/f/f0/0937Ceruledge.png
938,Blipp,Tadbulb,Elektro,,Paldea,IX,0,,,61,31,41,59,35,45,https://raw.githubusercontent.com/PokeAPI/sprites/master/sprites/pokemon/other/official-artwork/938.png,https://archives.bulbagarden.net/media/upload/8/87/0938Tadbulb.png
939,Wampitz,Bellibolt,Elektro,,Paldea,IX,1,,tadbulb,109,64,91,103,83,45,https://raw.githubusercontent.com/PokeAPI/sprites/master/sprites/pokemon/other/official-artwork/939.png,https://archives.bulbagarden.net/media/upload/8/87/0939Bellibolt.png
940,Voltrel,Wattrel,Elektro,Flug,Paldea,IX,0,,,40,40,35,55,40,70,https://raw.githubusercontent.com/PokeAPI/sprites/master/sprites/pokemon/other/official-artwork/940.png,https://archives.bulbagarden.net/media/upload/1/1a/0940Wattrel.png
941,Voltrean,Kilowattrel,Elektro,Flug,Paldea,IX,1,,wattrel,70,70,60,105,60,125,https://raw.githubusercontent.com/PokeAPI/sprites/master/sprites/pokemon/other/official-artwork/941.png,https://archives.bulbagarden.net/media/upload/e/ee/0941Kilowattrel.png
942,Mobtiff,Maschiff,Unlicht,,Paldea,IX,0,,,60,78,60,40,51,51,https://raw.githubusercontent.com/PokeAPI/sprites/master/sprites/pokemon/other/official-artwork/942.png,https://archives.bulbagarden.net/media/upload/2/27/0942Maschiff.png
943,Mastifioso,Mabosstiff,Unlicht,,Paldea,IX,1,,maschiff,80,120,90,60,70,85,https://raw.githubusercontent.com/PokeAPI/sprites/master/sprites/pokemon/other/official-artwork/943.png,https://archives.bulbagarden.net/media/upload/0/0c/0943Mabosstiff.png
944,Sproxi,Shroodle,Gift,Normal,Paldea,IX,0,,,40,65,35,40,35,75,https://raw.githubusercontent.com/PokeAPI/sprites/master/sprites/pokemon/other/official-artwork/944.png,https://archives.bulbagarden.net/media/upload/1/19/0944Shroodle.png
945,Affiti,Grafaiai,Gift,Normal,Paldea,IX,1,,shroodle,63,95,65,80,72,110,https://raw.githubusercontent.com/PokeAPI/sprites/master/sprites/pokemon/other/official-artwork/945.png,https://archives.bulbagarden.net/media/upload/9/98/0945Grafaiai.png
946,Weherba,Bramblin,Pflanze,Geist,Paldea,IX,0,,,40,65,30,45,35,60,https://raw.githubusercontent.com/PokeAPI/sprites/master/sprites/pokemon/other/official-artwork/946.png,https://archives.bulbagarden.net/media/upload/d/d2/0946Bramblin.png
947,Horrerba,Brambleghast,Pflanze,Geist,Paldea,IX,1,,bramblin,55,115,70,80,70,90,https://raw.githubusercontent.com/PokeAPI/sprites/master/sprites/pokemon/other/official-artwork/947.png,https://archives.bulbagarden.net/media/upload/2/2f/0947Brambleghast.png
948,Tentagra,Toedscool,Boden,Pflanze,Paldea,IX,0,,,40,40,35,50,100,70,https://raw.githubusercontent.com/PokeAPI/sprites/master/sprites/pokemon/other/official-artwork/948.png,https://archives.bulbagarden.net/media/upload/8/87/0948Toedscool.png
949,Tenterra,Toedscruel,Boden,Pflanze,Paldea,IX,1,,toedscool,80,70,65,80,120,100,https://raw.githubusercontent.com/PokeAPI/sprites/master/sprites/pokemon/other/official-artwork/949.png,https://archives.bulbagarden.net/media/upload/8/8c/0949Toedscruel.png
950,Klibbe,Klawf,Gestein,,Paldea,IX,0,,,70,100,115,35,55,75,https://raw.githubusercontent.com/PokeAPI/sprites/master/sprites/pokemon/other/official-artwork/950.png,https://archives.bulbagarden.net/media/upload/5/5a/0950Klawf.png
951,Chilingel,Capsakid,Pflanze,,Paldea,IX,0,,,50,62,40,62,40,50,https://raw.githubusercontent.com/PokeAPI/sprites/master/sprites/pokemon/other/official-artwork/951.png,https://archives.bulbagarden.net/media/upload/c/c5/0951Capsakid.png
952,Halupenjo,Scovillain,Pflanze,Feuer,Paldea,IX,1,,capsakid,65,108,65,108,65,75,https://raw.githubusercontent.com/PokeAPI/sprites/master/sprites/pokemon/other/official-artwork/952.png,https://archives.bulbagarden.net/media/upload/f/f7/0952Scovillain.png
953,Relluk,Rellor,Käfer,,Paldea,IX,0,,,41,50,60,31,58,30,https://raw.githubusercontent.com/PokeAPI/sprites/master/sprites/pokemon/other/official-artwork/953.png,https://archives.bulbagarden.net/media/upload/2/2f/0953Rellor.png
954,Skarabaks,Rabsca,Käfer,Psycho,Paldea,IX,1,,rellor,75,50,85,115,100,45,https://raw.githubusercontent.com/PokeAPI/sprites/master/sprites/pokemon/other/official-artwork/954.png,https://archives.bulbagarden.net/media/upload/7/7a/0954Rabsca.png
955,Flattutu,Flittle,Psycho,,Paldea,IX,0,,,30,35,30,55,30,75,https://raw.githubusercontent.com/PokeAPI/sprites/master/sprites/pokemon/other/official-artwork/955.png,https://archives.bulbagarden.net/media/upload/5/5c/0955Flittle.png
956,Psiopatra,Espathra,Psycho,,Paldea,IX,1,,flittle,95,60,60,101,60,105,https://raw.githubusercontent.com/PokeAPI/sprites/master/sprites/pokemon/other/official-artwork/956.png,https://archives.bulbagarden.net/media/upload/0/0e/0956Espathra.png
957,Forgita,Tinkatink,Fee,Stahl,Paldea,IX,0,,,50,45,45,35,64,58,https://raw.githubusercontent.com/PokeAPI/sprites/master/sprites/pokemon/other/official-artwork/957.png,https://archives.bulbagarden.net/media/upload/9/93/0957Tinkatink.png
958,Tafforgita,Tinkatuff,Fee,Stahl,Paldea,IX,1,,tinkatink,65,55,55,45,82,78,https://raw.githubusercontent.com/PokeAPI/sprites/master/sprites/pokemon/other/official-artwork/958.png,https://archives.bulbagarden.net/media/upload/1/1a/0958Tinkatuff.png
959,Granforgita,Tinkaton,Fee,Stahl,Paldea,IX,2,,tinkatuff,85,75,77,70,105,94,https://raw.githubusercontent.com/PokeAPI/sprites/master/sprites/pokemon/other/official-artwork/959.png,https://archives.bulbagarden.net/media/upload/b/b1/0959Tinkaton.png
960,Schligda,Wiglett,Wasser,,Paldea,IX,0,,,10,55,25,35,25,95,https://raw.githubusercontent.com/PokeAPI/sprites/master/sprites/pokemon/other/official-artwork/960.png,https://archives.bulbagarden.net/media/upload/2/26/0960Wiglett.png
961,Schligdri,Wugtrio,Wasser,,Paldea,IX,1,,wiglett,35,100,50,50,70,120,https://raw.githubusercontent.com/PokeAPI/sprites/master/sprites/pokemon/other/official-artwork/961.png,https://archives.bulbagarden.net/media/upload/b/b5/0961Wugtrio.png
962,Adebom,Bombirdier,Flug,Unlicht,Paldea,IX,0,,,70,103,85,60,85,82,https://raw.githubusercontent.com/PokeAPI/sprites/master/sprites/pokemon/other/official-artwork/962.png,https://archives.bulbagarden.net/media/upload/3/36/0962Bombirdier.png
963,Normifin,Finizen,Wasser,,Paldea,IX,0,,,70,45,40,45,40,75,https://raw.githubusercontent.com/PokeAPI/sprites/master/sprites/pokemon/other/official-artwork/963.png,https://archives.bulbagarden.net/media/upload/a/a5/0963Finizen.png
964,Delfinator,Palafin,Wasser,,Paldea,IX,1,,finizen,100,70,72,53,62,100,https://raw.githubusercontent.com/PokeAPI/sprites/master/sprites/pokemon/other/official-artwork/964.png,https://archives.bulbagarden.net/media/upload/7/7a/0964Palafin.png
965,Knattox,Varoom,Stahl,Gift,Paldea,IX,0,,,45,70,63,30,45,47,https://raw.githubusercontent.com/PokeAPI/sprites/master/sprites/pokemon/other/official-artwork/965.png,https://archives.bulbagarden.net/media/upload/d/d1/0965Varoom.png
966,Knattatox,Revavroom,Stahl,Gift,Paldea,IX,1,,varoom,80,119,90,54,67,90,https://raw.githubusercontent.com/PokeAPI/sprites/master/sprites/pokemon/other/official-artwork/966.png,https://archives.bulbagarden.net/media/upload/1/18/0966Revavroom.png
967,Mopex,Cyclizar,Drache,Normal,Paldea,IX,0,,,70,95,65,85,65,121,https://raw.githubusercontent.com/PokeAPI/sprites/master/sprites/pokemon/other/official-artwork/967.png,https://archives.bulbagarden.net/media/upload/7/74/0967Cyclizar.png
968,Schlurm,Orthworm,Stahl,,Paldea,IX,0,,,70,85,145,60,55,65,https://raw.githubusercontent.com/PokeAPI/sprites/master/sprites/pokemon/other/official-artwork/968.png,https://archives.bulbagarden.net/media/upload/2/25/0968Orthworm.png
969,Lumispross,Glimmet,Gestein,Gift,Paldea,IX,0,,,48,35,42,105,60,60,https://raw.githubusercontent.com/PokeAPI/sprites/master/sprites/pokemon/other/official-artwork/969.png,https://archives.bulbagarden.net/media/upload/3/37/0969Glimmet.png
970,Lumiflora,Glimmora,Gestein,Gift,Paldea,IX,1,,glimmet,83,55,90,130,81,86,https://raw.githubusercontent.com/PokeAPI/sprites/master/sprites/pokemon/other/official-artwork/970.png,https://archives.bulbagarden.net/media/upload/d/df/0970Glimmora.png
971,Gruff,Greavard,Geist,,Paldea,IX,0,,,50,61,60,30,55,34,https://raw.githubusercontent.com/PokeAPI/sprites/master/sprites/pokemon/other/official-artwork/971.png,https://archives.bulbagarden.net/media/upload/2/22/0971Greavard.png
972,Friedwuff,Houndstone,Geist,,Paldea,IX,1,,greavard,72,101,100,50,97,68,https://raw.githubusercontent.com/PokeAPI/sprites/master/sprites/pokemon/other/official-artwork/972.png,https://archives.bulbagarden.net/media/upload/8/85/0972Houndstone.png
973,Flaminkno,Flamigo,Flug,Kampf,Paldea,IX,0,,,82,115,74,75,64,90,https://raw.githubusercontent.com/PokeAPI/sprites/master/sprites/pokemon/other/official-artwork/973.png,https://archives.bulbagarden.net/media/upload/0/07/0973Flamigo.png
974,Flaniwal,Cetoddle,Eis,,Paldea,IX,0,,,108,68,45,30,40,43,https://raw.githubusercontent.com/PokeAPI/sprites/master/sprites/pokemon/other/official-artwork/974.png,https://archives.bulbagarden.net/media/upload/0/08/0974Cetoddle.png
975,Kolowal,Cetitan,Eis,,Paldea,IX,1,,cetoddle,170,113,65,45,55,73,https://raw.githubusercontent.com/PokeAPI/sprites/master/sprites/pokemon/other/official-artwork/975.png,https://archives.bulbagarden.net/media/upload/c/cb/0975Cetitan.png
976,Agiluza,Veluza,Wasser,Psycho,Paldea,IX,0,,,90,102,73,78,65,70,https://raw.githubusercontent.com/PokeAPI/sprites/master/sprites/pokemon/other/official-artwork/976.png,https://archives.bulbagarden.net/media/upload/f/ff/0976Veluza.png
977,Heerashai,Dondozo,Wasser,,Paldea,IX,0,,,150,100,115,65,65,35,https://raw.githubusercontent.com/PokeAPI/sprites/master/sprites/pokemon/other/official-artwork/977.png,https://archives.bulbagarden.net/media/upload/b/b8/0977Dondozo.png
978,Nigiragi,Tatsugiri,Drache,Wasser,Paldea,IX,0,,,68,50,60,120,95,82,https://raw.githubusercontent.com/PokeAPI/sprites/master/sprites/pokemon/other/official-artwork/978.png,https://archives.bulbagarden.net/media/upload/c/c1/0978Tatsugiri-Curly.png
979,Epitaff,Annihilape,Kampf,Geist,Paldea,IX,2,,primeape,110,115,80,50,90,90,https://raw.githubusercontent.com/PokeAPI/sprites/master/sprites/pokemon/other/official-artwork/979.png,https://archives.bulbagarden.net/media/upload/a/a7/0979Annihilape.png
980,Suelord,Clodsire,Gift,Boden,Paldea,IX,1,,wooper,130,75,60,45,100,20,https://raw.githubusercontent.com/PokeAPI/sprites/master/sprites/pokemon/other/official-artwork/980.png,https://archives.bulbagarden.net/media/upload/7/77/0980Clodsire.png
981,Farigiraf,Farigiraf,Normal,Psycho,Paldea,IX,1,,girafarig,120,90,70,110,70,60,https://raw.githubusercontent.com/PokeAPI/sprites/master/sprites/pokemon/other/official-artwork/981.png,https://archives.bulbagarden.net/media/upload/0/03/0981Farigiraf.png
982,Dummimisel,Dudunsparce,Normal,,Paldea,IX,1,,dunsparce,125,100,80,85,75,55,https://raw.githubusercontent.com/PokeAPI/sprites/master/sprites/pokemon/other/official-artwork/982.png,https://archives.bulbagarden.net/media/upload/6/65/0982Dudunsparce.png
983,Gladimperio,Kingambit,Unlicht,Stahl,Paldea,IX,2,,bisharp,100,135,120,60,85,50,https://raw.githubusercontent.com/PokeAPI/sprites/master/sprites/pokemon/other/official-artwork/983.png,https://archives.bulbagarden.net/media/upload/7/7f/0983Kingambit.png
984,Riesenzahn,Great Tusk,Boden,Kampf,Paldea,IX,0,,,115,131,131,53,53,87,https://raw.githubusercontent.com/PokeAPI/sprites/master/sprites/pokemon/other/official-artwork/984.png,
985,Brüllschweif,Scream Tail,Fee,Psycho,Paldea,IX,0,,,115,65,99,65,115,111,https://raw.githubusercontent.com/PokeAPI/sprites/master/sprites/pokemon/other/official-artwork/985.png,
986,Wutpilz,Brute Bonnet,Pflanze,Unlicht,Paldea,IX,0,,,111,127,99,79,99,55,https://raw.githubusercontent.com/PokeAPI/sprites/master/sprites/pokemon/other/official-artwork/986.png,
987,Flatterhaar,Flutter Mane,Geist,Fee,Paldea,IX,0,,,55,55,55,135,135,135,https://raw.githubusercontent.com/PokeAPI/sprites/master/sprites/pokemon/other/official-artwork/987.png,
988,Kriechflügel,Slither Wing,Käfer,Kampf,Paldea,IX,0,,,85,135,79,85,105,81,https://raw.githubusercontent.com/PokeAPI/sprites/master/sprites/pokemon/other/official-artwork/988.png,
989,Sandfell,Sandy Shocks,Elektro,Boden,Paldea,IX,0,,,85,81,97,121,85,101,https://raw.githubusercontent.com/PokeAPI/sprites/master/sprites/pokemon/other/official-artwork/989.png,
990,Eisenrad,Iron Treads,Boden,Stahl,Paldea,IX,0,,,90,112,120,72,70,106,https://raw.githubusercontent.com/PokeAPI/sprites/master/sprites/pokemon/other/official-artwork/990.png,
991,Eisenbündel,Iron Bundle,Eis,Wasser,Paldea,IX,0,,,56,80,114,124,60,136,https://raw.githubusercontent.com/PokeAPI/sprites/master/sprites/pokemon/other/official-artwork/991.png,
992,Eisenhand,Iron Hands,Kampf,Elektro,Paldea,IX,0,,,154,140,108,50,68,50,https://raw.githubusercontent.com/PokeAPI/sprites/master/sprites/pokemon/other/official-artwork/992.png,
993,Eisenhals,Iron Jugulis,Unlicht,Flug,Paldea,IX,0,,,94,80,86,122,80,108,https://raw.githubusercontent.com/PokeAPI/sprites/master/sprites/pokemon/other/official-artwork/993.png,
994,Eisenfalter,Iron Moth,Feuer,Gift,Paldea,IX,0,,,80,70,60,140,110,110,https://raw.githubusercontent.com/PokeAPI/sprites/master/sprites/pokemon/other/official-artwork/994.png,
995,Eisendorn,Iron Thorns,Gestein,Elektro,Paldea,IX,0,,,100,134,110,70,84,72,https://raw.githubusercontent.com/PokeAPI/sprites/master/sprites/pokemon/other/official-artwork/995.png,
996,Frospino,Frigibax,Drache,Eis,Paldea,IX,0,,,65,75,45,35,45,55,https://raw.githubusercontent.com/PokeAPI/sprites/master/sprites/pokemon/other/official-artwork/996.png,https://archives.bulbagarden.net/media/upload/d/d8/0996Frigibax.png
997,Cryospino,Arctibax,Drache,Eis,Paldea,IX,1,,frigibax,90,95,66,45,65,62,https://raw.githubusercontent.com/PokeAPI/sprites/master/sprites/pokemon/other/official-artwork/997.png,https://archives.bulbagarden.net/media/upload/5/53/0997Arctibax.png
998,Espinodon,Baxcalibur,Drache,Eis,Paldea,IX,2,,arctibax,115,145,92,75,86,87,https://raw.githubusercontent.com/PokeAPI/sprites/master/sprites/pokemon/other/official-artwork/998.png,https://archives.bulbagarden.net/media/upload/7/70/0998Baxcalibur.png
999,Gierspenst,Gimmighoul,Geist,,Paldea,IX,0,,,45,30,70,75,70,10,https://raw.githubusercontent.com/PokeAPI/sprites/master/sprites/pokemon/other/official-artwork/999.png,https://archives.bulbagarden.net/media/upload/6/6f/0999Gimmighoul.png
1000,Monetigo,Gholdengo,Stahl,Geist,Paldea,IX,1,,gimmighoul,87,60,95,133,91,84,https://raw.githubusercontent.com/PokeAPI/sprites/master/sprites/pokemon/other/official-artwork/1000.png,https://archives.bulbagarden.net/media/upload/2/2d/1000Gholdengo.png
1001,Chongjian,Wo-Chien,Unlicht,Pflanze,Paldea,IX,0,,,85,85,100,95,135,70,https://raw.githubusercontent.com/PokeAPI/sprites/master/sprites/pokemon/other/official-artwork/1001.png,
1002,Baojian,Chien-Pao,Unlicht,Eis,Paldea,IX,0,,,80,120,80,90,65,135,https://raw.githubusercontent.com/PokeAPI/sprites/master/sprites/pokemon/other/official-artwork/1002.png,
1003,Dinglu,Ting-Lu,Unlicht,Boden,Paldea,IX,0,,,155,110,125,55,80,45,https://raw.githubusercontent.com/PokeAPI/sprites/master/sprites/pokemon/other/official-artwork/1003.png,
1004,Yuyu,Chi-Yu,Unlicht,Feuer,Paldea,IX,0,,,55,80,80,135,120,100,https://raw.githubusercontent.com/PokeAPI/sprites/master/sprites/pokemon/other/official-artwork/1004.png,
1005,Donnersichel,Roaring Moon,Drache,Unlicht,Paldea,IX,0,,,105,139,71,55,101,119,https://raw.githubusercontent.com/PokeAPI/sprites/master/sprites/pokemon/other/official-artwork/1005.png,
1006,Eisenkrieger,Iron Valiant,Fee,Kampf,Paldea,IX,0,,,74,130,90,120,60,116,https://raw.githubusercontent.com/PokeAPI/sprites/master/sprites/pokemon/other/official-artwork/1006.png,
1007,Koraidon,Koraidon,Kampf,Drache,Paldea,IX,0,,,100,135,115,85,100,135,https://raw.githubusercontent.com/PokeAPI/sprites/master/sprites/pokemon/other/official-artwork/1007.png,https://archives.bulbagarden.net/media/upload/a/a2/1007Koraidon.png
1008,Miraidon,Miraidon,Elektro,Drache,Paldea,IX,0,,,100,85,100,135,115,135,https://raw.githubusercontent.com/PokeAPI/sprites/master/sprites/pokemon/other/official-artwork/1008.png,https://archives.bulbagarden.net/media/upload/1/1c/1008Miraidon.png
1009,Windewoge,Walking Wake,Wasser,Drache,Paldea,IX,0,,,99,83,91,125,83,109,https://raw.githubusercontent.com/PokeAPI/sprites/master/sprites/pokemon/other/official-artwork/1009.png,
1010,Eisenblatt,Iron Leaves,Pflanze,Psycho,Paldea,IX,0,,,90,130,88,70,108,104,https://raw.githubusercontent.com/PokeAPI/sprites/master/sprites/pokemon/other/official-artwork/1010.png,
1011,Sirapfel,Dipplin,Pflanze,Drache,Paldea,IX,1,,applin,80,80,110,95,80,40,https://raw.githubusercontent.com/PokeAPI/sprites/master/sprites/pokemon/other/official-artwork/1011.png,https://archives.bulbagarden.net/media/upload/7/74/1011Dipplin.png
1012,Mortcha,Poltchageist,Pflanze,Geist,Paldea,IX,0,,,40,45,45,74,54,50,https://raw.githubusercontent.com/PokeAPI/sprites/master/sprites/pokemon/other/official-artwork/1012.png,https://archives.bulbagarden.net/media/upload/3/39/1012Poltchageist.png
1013,Fatalitcha,Sinistcha,Pflanze,Geist,Paldea,IX,1,,poltchageist,71,60,106,121,80,70,https://raw.githubusercontent.com/PokeAPI/sprites/master/sprites/pokemon/other/official-artwork/1013.png,https://archives.bulbagarden.net/media/upload/4/4c/1013Sinistcha.png
1014,Boninu,Okidogi,Gift,Kampf,Paldea,IX,0,,,88,128,115,58,86,80,https://raw.githubusercontent.com/PokeAPI/sprites/master/sprites/pokemon/other/official-artwork/1014.png,https://archives.bulbagarden.net/media/upload/7/73/1014Okidogi.png
1015,Benesaru,Munkidori,Gift,Psycho,Paldea,IX,0,,,88,75,66,130,90,106,https://raw.githubusercontent.com/PokeAPI/sprites/master/sprites/pokemon/other/official-artwork/1015.png,https://archives.bulbagarden.net/media/upload/e/e1/1015Munkidori.png
1016,Beatori,Fezandipiti,Gift,Fee,Paldea,IX,0,,,88,91,82,70,125,99,https://raw.githubusercontent.com/PokeAPI/sprites/master/sprites/pokemon/other/official-artwork/1016.png,https://archives.bulbagarden.net/media/upload/c/cb/1016Fezandipiti.png
1017,Ogerpon,Ogerpon,Pflanze,,Paldea,IX,0,,,80,120,84,60,96,110,https://raw.githubusercontent.com/PokeAPI/sprites/master/sprites/pokemon/other/official-artwork/1017.png,https://archives.bulbagarden.net/media/upload/a/a5/1017Ogerpon.png
1018,Briduradon,Archaludon,Stahl,Drache,Paldea,IX,1,,duraludon,90,105,130,125,65,85,https://raw.githubusercontent.com/PokeAPI/sprites/master/sprites/pokemon/other/official-artwork/1018.png,https://archives.bulbagarden.net/media/upload/c/c4/1018Archaludon.png
1019,Hydrapfel,Hydrapple,Pflanze,Drache,Paldea,IX,2,,dipplin,106,80,110,120,80,44,https://raw.githubusercontent.com/PokeAPI/sprites/master/sprites/pokemon/other/official-artwork/1019.png,https://archives.bulbagarden.net/media/upload/7/7c/1019Hydrapple.png
1020,Keilflamme,Gouging Fire,Feuer,Drache,Paldea,IX,0,,,105,115,121,65,93,91,https://raw.githubusercontent.com/PokeAPI/sprites/master/sprites/pokemon/other/official-artwork/1020.png,
1021,Furienblitz,Raging Bolt,Elektro,Drache,Paldea,IX,0,,,125,73,91,137,89,75,https://raw.githubusercontent.com/PokeAPI/sprites/master/sprites/pokemon/other/official-artwork/1021.png,
1022,Eisenfels,Iron Boulder,Gestein,Psycho,Paldea,IX,0,,,90,120,80,68,108,124,https://raw.githubusercontent.com/PokeAPI/sprites/master/sprites/pokemon/other/official-artwork/1022.png,
1023,Eisenhaupt,Iron Crown,Stahl,Psycho,Paldea,IX,0,,,90,72,100,122,108,98,https://raw.githubusercontent.com/PokeAPI/sprites/master/sprites/pokemon/other/official-artwork/1023.png,
1024,Terapagos,Terapagos,Normal,,Paldea,IX,0,,,90,65,85,65,85,60,https://raw.githubusercontent.com/PokeAPI/sprites/master/sprites/pokemon/other/official-artwork/1024.png,https://archives.bulbagarden.net/media/upload/d/d1/1024Terapagos.png
1025,Infamomo,Pecharunt,Gift,Geist,Paldea,IX,0,,,88,88,160,88,88,88,https://raw.githubusercontent.com/PokeAPI/sprites/master/sprites/pokemon/other/official-artwork/1025.png,https://archives.bulbagarden.net/media/upload/5/5a/1025Pecharunt.png
